episode,loss,reward,policy_loss,value_loss,entropy,kl,n_ppo_updates,wall_time
1,269.928464,-269.418123,0.002633,72748.801823,-2.492301,0.003181,30,15.167239
2,251.827054,-251.316718,-0.003012,63104.277344,-2.492185,0.001125,30,27.501368
3,229.389244,-228.878914,-0.001118,52242.720443,-2.491792,0.004051,30,44.003352
4,213.180202,-212.669872,0.000517,44986.948568,-2.492869,0.000344,30,61.681381
5,204.225487,-203.715157,-0.000053,41081.696484,-2.491898,0.002286,30,80.474939
6,202.357222,-201.846892,-0.005069,40252.399523,-2.490475,0.003049,18,95.153714
7,168.569821,-168.059491,-0.001940,27704.717969,-2.490441,0.003406,30,108.812138
8,158.224596,-157.714265,0.002518,24245.297786,-2.489290,0.000898,30,120.880059
9,150.482155,-149.971825,0.000707,21781.723568,-2.488252,0.004434,30,131.790227
10,148.932466,-148.422136,-0.000836,21201.363607,-2.488950,0.002863,30,142.719463
11,148.212065,-147.701735,0.000403,20878.834701,-2.490406,0.003601,30,154.564905
12,127.705023,-127.194693,0.000181,15273.103613,-2.491884,0.001219,30,167.571069
13,129.184134,-128.673804,0.001020,15571.154232,-2.492674,0.003469,30,178.678321
14,114.886428,-114.376098,-0.002488,12112.810417,-2.492099,0.003367,30,190.160002
15,110.493183,-109.982853,-0.000950,11111.437435,-2.492646,0.003420,30,200.786686
16,103.623387,-103.113057,-0.005702,9671.698618,-2.493393,0.003251,13,211.066506
17,87.399805,-86.889475,-0.005073,6706.782994,-2.493787,0.003213,14,221.422635
18,78.187613,-77.677283,0.003148,5256.747038,-2.494046,0.004723,30,232.144386
19,66.869040,-66.358710,-0.003998,3704.190438,-2.494817,0.003609,30,242.127776
20,61.410280,-60.899950,0.001885,3050.595808,-2.494760,0.002943,14,252.579357
21,54.175597,-53.665266,-0.002601,2285.215454,-2.494545,0.004897,30,263.289627
22,48.752798,-48.242467,-0.001376,1781.747172,-2.494512,0.003064,12,273.817801
23,42.126328,-41.615998,-0.004204,1261.457575,-2.494740,0.003979,11,284.988253
24,36.331283,-35.820953,0.002265,877.506186,-2.494980,0.003616,14,295.536130
25,29.875237,-29.364905,0.000007,530.282635,-2.495186,0.002878,19,305.773927
26,27.154991,-26.644659,-0.002360,408.844011,-2.495731,0.002800,11,315.419372
27,23.429493,-22.919161,-0.009525,268.204606,-2.496129,0.004981,11,326.103350
28,21.342782,-20.832450,-0.006462,200.226020,-2.496522,0.004515,30,336.752903
29,17.878415,-17.368083,0.003180,109.882311,-2.496630,0.001063,30,347.107195
30,19.669448,-19.159116,-0.000104,145.608603,-2.495559,0.001955,30,357.787052
31,17.861449,-17.351117,0.000893,102.065788,-2.494290,0.004928,30,370.030588
32,15.575000,-15.064668,-0.000070,58.369411,-2.495134,0.004184,19,382.365014
33,12.999915,-12.489583,-0.000345,24.821215,-2.495418,0.003090,12,393.501287
34,11.129948,-10.619616,0.000759,8.905395,-2.496806,0.004425,30,406.276900
35,10.058491,-9.548159,0.000372,3.280557,-2.498311,0.004498,30,417.157391
36,9.674750,-9.164418,-0.003832,1.773381,-2.498835,0.003851,14,428.115584
37,7.696366,-7.186034,0.000793,0.844886,-2.499237,0.003350,19,439.721736
38,6.596245,-6.085913,0.000507,3.625998,-2.499544,0.004220,30,450.800198
39,5.821494,-5.311162,-0.009536,6.390982,-2.498912,0.003065,12,461.823665
40,5.528727,-5.018395,-0.000477,7.249068,-2.499670,0.003626,30,473.139767
41,4.735637,-4.225305,-0.000925,10.856193,-2.500657,0.005199,30,484.585898
42,3.841256,-3.330924,-0.000525,16.016397,-2.501112,0.003329,30,495.473128
43,3.522748,-3.012417,-0.002011,17.399012,-2.501871,0.003276,16,507.140033
44,2.916254,-2.405922,-0.001017,21.407597,-2.501509,0.003984,30,520.198230
45,2.440750,-1.930418,-0.001453,23.980498,-2.499858,0.002383,30,532.436940
46,2.494162,-1.983830,-0.004169,21.385237,-2.495930,0.001375,30,543.207311
47,2.666280,-2.155948,0.004611,17.735053,-2.495307,0.003005,30,554.063782
48,2.428001,-1.917669,0.001404,17.441414,-2.498896,0.002752,30,565.194871
49,2.350321,-1.839990,-0.001454,16.226958,-2.500179,0.002941,12,576.068040
50,2.089262,-1.578930,-0.000530,17.186143,-2.500221,0.004451,12,587.405894
51,1.812964,-1.302632,-0.001204,17.724425,-2.499268,0.003451,20,598.957366
52,1.695604,-1.185272,-0.001723,16.057369,-2.497956,0.003807,20,610.504494
53,1.493095,-0.982763,0.001789,14.769693,-2.497201,0.004326,19,621.628909
54,1.618208,-1.107876,-0.001693,11.076920,-2.497994,0.003964,20,633.328937
55,1.506502,-0.996170,-0.000060,9.543412,-2.497371,0.002829,13,643.978851
56,1.359763,-0.849432,-0.003035,7.599895,-2.497590,0.004205,30,654.497613
57,1.256696,-0.746364,-0.000167,4.219909,-2.499957,0.004969,30,665.164402
58,1.118672,-0.608340,-0.004777,1.495832,-2.501760,0.001707,30,677.224738
59,1.147020,-0.636688,0.000386,0.107966,-2.499551,0.001807,30,688.648099
60,1.135035,-0.624703,0.000264,0.012052,-2.499242,0.001462,30,698.836235
61,1.114309,-0.603977,0.000888,0.008607,-2.498700,0.003497,30,709.937884
62,1.036322,-0.525990,-0.004718,0.006832,-2.499343,0.005177,30,721.537710
63,1.095180,-0.584848,0.003719,0.006989,-2.499832,0.001982,30,733.151974
64,1.049779,-0.539447,0.001556,0.004370,-2.497959,0.004193,30,743.688828
65,0.964671,-0.454339,-0.003793,0.004288,-2.497104,0.003011,30,754.820626
66,0.873045,-0.362713,0.001881,0.003513,-2.495592,0.001430,30,765.649460
67,0.877314,-0.366983,-0.000374,0.001397,-2.494210,0.002088,30,776.665484
68,0.881697,-0.371365,0.000605,0.001100,-2.492235,0.002616,30,788.914627
69,0.942481,-0.432149,-0.000767,0.002661,-2.491639,0.002889,30,799.871014
70,0.913576,-0.403244,0.002724,0.001509,-2.490254,0.001802,30,813.245618
71,0.871070,-0.360738,-0.000202,0.001618,-2.486751,0.001798,30,825.244042
72,0.786760,-0.276428,-0.003558,0.002173,-2.484281,0.001790,30,837.770052
73,0.808148,-0.297816,0.005728,0.000742,-2.483524,0.003756,30,850.635041
74,0.760542,-0.250210,-0.002056,0.001204,-2.483878,0.002823,30,860.984093
75,0.751632,-0.241300,-0.000225,0.000469,-2.482353,0.001969,30,870.963689
76,0.717376,-0.207044,0.000244,0.001032,-2.482093,0.002674,30,881.123212
77,0.702027,-0.191695,-0.003333,0.000774,-2.481837,0.004257,11,892.206423
78,0.661058,-0.150726,0.001034,0.000939,-2.481697,0.002402,30,904.864644
79,0.630368,-0.120036,0.003190,0.000673,-2.481712,0.000775,30,916.017259
80,0.631897,-0.121565,-0.000661,0.000711,-2.483193,0.004106,30,927.763490
81,0.654480,-0.144148,-0.000902,0.000454,-2.484199,0.005314,30,939.151587
82,0.616297,-0.105965,-0.002513,0.000660,-2.483160,0.001746,30,950.705586
83,0.630720,-0.120388,0.001333,0.000216,-2.483459,0.001351,30,962.633625
84,0.612531,-0.102199,-0.000152,0.000409,-2.484794,0.001668,30,974.886193
85,0.622755,-0.112423,-0.001370,0.000876,-2.486215,0.001427,30,986.842188
86,0.612474,-0.102142,-0.004922,0.000644,-2.488073,0.001529,30,998.189870
87,0.586900,-0.076568,-0.003699,0.000489,-2.487731,0.001770,30,1010.223822
88,0.597874,-0.087542,-0.000787,0.000484,-2.488077,0.002939,18,1021.489718
89,0.605483,-0.095151,0.002595,0.000376,-2.487618,0.003295,30,1032.472900
90,0.610135,-0.099803,0.002071,0.000601,-2.486707,0.003697,30,1043.415777
91,0.598037,-0.087706,0.000911,0.000278,-2.486218,0.005239,30,1054.935852
92,0.605492,-0.095160,-0.001912,0.000328,-2.485408,0.005367,30,1067.007671
93,0.606682,-0.096350,0.003383,0.000834,-2.486147,0.002862,30,1079.614566
94,0.589130,-0.078798,0.001109,0.000682,-2.486477,0.002906,30,1090.990412
95,0.583271,-0.072939,0.004347,0.000341,-2.485869,0.002236,30,1102.637862
96,0.615058,-0.104726,-0.000619,0.000982,-2.485873,0.002416,30,1113.782961
97,0.592344,-0.082012,-0.002307,0.000433,-2.484755,0.002530,30,1124.875988
98,0.629597,-0.119265,-0.002815,0.000521,-2.484443,0.002653,30,1137.016387
99,0.636812,-0.126480,0.000250,0.000468,-2.484292,0.001593,30,1149.450915
100,0.616421,-0.106089,0.002111,0.000664,-2.483351,0.005154,30,1160.504899
101,0.589174,-0.078843,-0.003572,0.000727,-2.482509,0.002928,30,1173.591816
102,0.600141,-0.089809,0.001775,0.000380,-2.482007,0.002054,30,1185.209564
103,0.586334,-0.076002,0.003342,0.000239,-2.481188,0.001480,30,1199.899252
104,0.567867,-0.057535,0.000997,0.000422,-2.481033,0.001850,30,1211.414488
105,0.563605,-0.053274,0.002435,0.000184,-2.481321,0.002545,30,1221.949771
106,0.579893,-0.069561,-0.002406,0.000196,-2.479674,0.001437,30,1233.350543
107,0.589805,-0.079473,-0.003195,0.000567,-2.479331,0.004341,30,1245.124630
108,0.584183,-0.073852,0.002113,0.000317,-2.481452,0.003425,30,1256.656859
109,0.603656,-0.093324,0.001346,0.000341,-2.482149,0.001737,30,1267.334334
110,0.581119,-0.070787,0.003329,0.000307,-2.481581,0.005413,30,1278.252236
111,0.596306,-0.085974,0.002038,0.000510,-2.482288,0.002804,30,1289.648236
112,0.577728,-0.067396,-0.006914,0.000117,-2.481959,0.003408,30,1300.813354
113,0.583907,-0.073575,-0.001836,0.000256,-2.481141,0.002596,30,1311.518441
114,0.573305,-0.062973,0.002005,0.000302,-2.480932,0.003093,30,1321.941030
115,0.577051,-0.066719,0.000668,0.000412,-2.479989,0.002522,30,1332.405926
116,0.604560,-0.094228,0.002268,0.000318,-2.478900,0.002319,30,1343.287344
117,0.627975,-0.117644,-0.001556,0.000338,-2.478375,0.003964,30,1354.629133
118,0.606717,-0.096385,-0.001405,0.000390,-2.477687,0.002805,30,1366.997489
119,0.603557,-0.093225,0.004752,0.000241,-2.476227,0.002437,30,1378.630971
120,0.580643,-0.070311,-0.003055,0.000571,-2.473597,0.000944,30,1390.379679
121,0.580988,-0.070656,0.000267,0.000381,-2.471580,0.001397,30,1402.168850
122,0.612725,-0.102393,-0.000778,0.000511,-2.470345,0.001743,30,1411.936128
123,0.631846,-0.121514,0.002788,0.000416,-2.470609,0.004592,30,1422.933147
124,0.610443,-0.100111,-0.002898,0.000235,-2.470562,0.004577,30,1434.035766
125,0.584188,-0.073856,0.001676,0.000526,-2.469560,0.002144,30,1445.953755
126,0.573949,-0.063617,0.003198,0.000430,-2.468094,0.002317,30,1457.805359
127,0.559254,-0.048923,-0.003816,0.000515,-2.467287,0.004044,30,1469.020465
128,0.554610,-0.044278,-0.002628,0.000473,-2.467089,0.004176,30,1479.246154
129,0.554569,-0.044237,-0.001117,0.000434,-2.467433,0.002311,30,1489.338978
130,0.524948,-0.014616,-0.001429,0.000434,-2.466617,0.003043,30,1499.893460
131,0.510113,0.000219,0.000303,0.000480,-2.464321,0.000994,30,1512.095446
132,0.516411,-0.006079,0.001282,0.000772,-2.460555,0.003525,30,1524.656292
133,0.526319,-0.015987,0.002559,0.000191,-2.460315,0.001848,30,1539.703670
134,0.512026,-0.001694,0.006273,0.000294,-2.460940,0.002293,30,1553.972527
135,0.506626,0.003706,0.000578,0.000357,-2.460650,0.001388,30,1567.786773
136,0.486198,0.024134,0.000598,0.000335,-2.458855,0.000736,30,1581.830447
137,0.487351,0.022981,-0.001997,0.000248,-2.457925,0.001176,30,1595.267736
138,0.481538,0.028794,0.001252,0.000457,-2.458472,0.002356,30,1608.772629
139,0.480580,0.029752,0.001929,0.000505,-2.459323,0.002038,30,1621.740179
140,0.481887,0.028445,-0.003674,0.000351,-2.458625,0.003317,20,1634.973536
141,0.480018,0.030314,-0.000808,0.000314,-2.456860,0.002336,30,1648.658294
142,0.483691,0.026640,0.000112,0.000495,-2.454872,0.003382,30,1660.921720
143,0.477384,0.032948,0.000986,0.000280,-2.454090,0.003818,30,1672.967052
144,0.467141,0.043191,-0.001568,0.000317,-2.452325,0.002466,30,1686.937126
145,0.445596,0.064736,0.003021,0.000418,-2.451968,0.003407,30,1695.760296
146,0.470883,0.039449,0.001509,0.000328,-2.453509,0.002719,30,1707.840512
147,0.463254,0.047077,0.003203,0.000428,-2.453959,0.003651,30,1720.383285
148,0.489972,0.020360,0.000628,0.000430,-2.453220,0.002664,30,1733.837357
149,0.470342,0.039990,-0.002911,0.000310,-2.452662,0.001241,30,1747.802847
150,0.483998,0.026334,-0.000610,0.000247,-2.451383,0.003919,30,1761.979633
151,0.473514,0.036818,-0.004337,0.000421,-2.450964,0.003776,30,1775.639468
152,0.470269,0.040063,-0.001781,0.000423,-2.449335,0.002292,30,1789.539745
153,0.463072,0.047260,-0.000739,0.000089,-2.448001,0.001702,30,1802.683021
154,0.463031,0.047300,-0.003491,0.000189,-2.447951,0.002149,30,1815.874669
155,0.460239,0.050093,0.000177,0.000221,-2.447145,0.004454,30,1829.392668
156,0.467261,0.043071,0.001101,0.000176,-2.446246,0.001759,30,1843.553540
157,0.449446,0.060885,0.001981,0.000431,-2.445336,0.002528,30,1856.782147
158,0.460426,0.049906,-0.000544,0.000233,-2.444979,0.002047,30,1869.867707
159,0.453065,0.057267,-0.002953,0.000212,-2.445023,0.005506,30,1881.392998
160,0.491952,0.018380,0.001434,0.000795,-2.445572,0.001671,30,1892.727501
161,0.473858,0.036474,0.002666,0.000434,-2.445766,0.005440,30,1904.391745
162,0.452600,0.057732,-0.000929,0.000270,-2.446043,0.000662,30,1916.942358
163,0.461997,0.048335,-0.002695,0.000394,-2.445390,0.004486,30,1929.522639
164,0.447301,0.063031,0.001718,0.000406,-2.444611,0.004029,30,1941.015493
165,0.439463,0.070869,0.003981,0.000209,-2.444139,0.003737,19,1952.708222
166,0.435655,0.074677,0.001303,0.000484,-2.444850,0.004401,30,1963.882651
167,0.436130,0.074202,0.000748,0.000263,-2.444247,0.003885,30,1975.574928
168,0.449880,0.060452,0.001933,0.000210,-2.443055,0.002445,30,1987.478440
169,0.439109,0.071223,-0.003028,0.000155,-2.443311,0.003643,30,1998.808890
170,0.415438,0.094894,0.000172,0.000216,-2.444089,0.004184,30,2013.109459
171,0.427985,0.082347,0.002107,0.000414,-2.444031,0.001957,30,2026.865809
172,0.430405,0.079927,0.000608,0.000216,-2.443382,0.000484,30,2040.896506
173,0.439164,0.071168,0.002389,0.000203,-2.441889,0.001328,30,2053.369250
174,0.442714,0.067618,-0.003712,0.000113,-2.441357,0.004054,30,2060.661228
175,0.451735,0.058597,-0.003531,0.000232,-2.441072,0.001555,30,2068.521211
176,0.452962,0.057370,0.000496,0.000256,-2.439654,0.003472,30,2077.059929
177,0.432939,0.077393,-0.003655,0.000339,-2.438709,0.001990,30,2088.602878
178,0.450434,0.059898,0.001874,0.000292,-2.438258,0.001638,30,2099.436446
179,0.432067,0.078265,-0.001398,0.000381,-2.438283,0.002696,30,2109.787580
180,0.420061,0.090271,0.000708,0.000291,-2.439383,0.001515,30,2121.572208
181,0.395586,0.114745,0.005350,0.000230,-2.438624,0.003532,30,2133.178394
182,0.415755,0.094577,0.001030,0.000286,-2.436337,0.002824,30,2145.777668
183,0.403658,0.106673,-0.004160,0.000206,-2.434705,0.001208,30,2157.400567
184,0.405032,0.105300,-0.004418,0.000393,-2.434777,0.001924,30,2169.092834
185,0.391576,0.118756,-0.000845,0.000196,-2.435336,0.001311,30,2181.048318
186,0.398948,0.111384,0.000100,0.000142,-2.434909,0.002004,30,2192.665360
187,0.380246,0.130086,0.002779,0.000241,-2.434375,0.001482,30,2204.529920
188,0.372490,0.137842,0.002702,0.000090,-2.434315,0.002117,30,2216.437807
189,0.388741,0.121591,-0.000726,0.000175,-2.433851,0.001047,30,2229.110491
190,0.368759,0.141573,0.000935,0.000301,-2.432632,0.002903,30,2241.352161
191,0.368973,0.141359,-0.000982,0.000130,-2.431809,0.004875,30,2253.722902
192,0.383525,0.126807,-0.002255,0.000134,-2.432887,0.001333,30,2264.936855
193,0.392662,0.117670,-0.000098,0.000197,-2.434585,0.003387,19,2277.124500
194,0.364791,0.145541,-0.000588,0.000270,-2.433216,0.002645,30,2289.157522
195,0.361553,0.148778,0.002021,0.000125,-2.431934,0.001044,30,2300.073741
196,0.358803,0.151528,-0.001782,0.000075,-2.430433,0.001484,30,2310.806487
197,0.365379,0.144953,0.003423,0.000204,-2.429938,0.002891,30,2321.643310
198,0.361101,0.149231,-0.005712,0.000390,-2.431377,0.003516,30,2332.685967
199,0.366959,0.143373,0.001757,0.000191,-2.431577,0.002201,30,2343.659683
200,0.370219,0.140113,-0.001044,0.000248,-2.430277,0.000912,30,2354.349757
201,0.364059,0.146273,0.004410,0.000359,-2.428521,0.001988,30,2365.500935
202,0.358377,0.151955,0.000755,0.000194,-2.427535,0.001661,30,2377.891510
203,0.363265,0.147067,-0.003758,0.000230,-2.426523,0.003201,30,2389.886827
204,0.344265,0.166067,-0.002686,0.000175,-2.426064,0.001619,30,2402.709949
205,0.343106,0.167226,0.001162,0.000145,-2.423863,0.003573,30,2415.413786
206,0.338724,0.171608,-0.006468,0.000076,-2.423298,0.003897,30,2426.823765
207,0.351143,0.159189,-0.000940,0.000143,-2.423192,0.004893,30,2438.219641
208,0.336464,0.173868,-0.001611,0.000334,-2.422196,0.001030,30,2450.366426
209,0.342504,0.167828,-0.002712,0.000331,-2.420293,0.003061,30,2462.705490
210,0.344309,0.166023,-0.001608,0.000060,-2.419698,0.003985,30,2473.000636
211,0.340200,0.170132,0.001366,0.000182,-2.418643,0.000717,30,2485.869315
212,0.359160,0.151171,0.001133,0.000204,-2.418672,0.003623,30,2498.129610
213,0.365226,0.145106,0.000076,0.000167,-2.418120,0.003510,15,2509.802928
214,0.343254,0.167078,-0.003035,0.000229,-2.417427,0.003523,30,2521.543036
215,0.331713,0.178619,-0.005190,0.000187,-2.416934,0.004367,30,2531.888534
216,0.332528,0.177804,0.001217,0.000415,-2.417133,0.000353,30,2542.480025
217,0.344934,0.165398,0.000829,0.000346,-2.416040,0.000629,30,2553.019811
218,0.343825,0.166507,0.005338,0.000260,-2.414466,0.000909,30,2564.590235
219,0.340896,0.169436,-0.000212,0.000254,-2.413542,0.001847,30,2576.373192
220,0.328820,0.181512,-0.000738,0.000328,-2.411967,0.003513,30,2588.405284
221,0.327356,0.182976,-0.002093,0.000116,-2.411581,0.001988,30,2600.686691
222,0.332215,0.178117,-0.000437,0.000093,-2.410876,0.001225,30,2613.261831
223,0.326031,0.184301,0.000048,0.000150,-2.410534,0.003798,30,2625.920769
224,0.309086,0.201246,-0.001132,0.000245,-2.410253,0.002062,30,2638.380611
225,0.311235,0.199097,-0.001968,0.000236,-2.409548,0.003592,30,2651.078399
226,0.311396,0.198936,-0.000208,0.000098,-2.409885,0.001318,30,2663.617058
227,0.306811,0.203521,-0.002144,0.000153,-2.408953,0.001049,30,2677.110743
228,0.298512,0.211820,-0.000208,0.000158,-2.408384,0.001182,30,2687.657686
229,0.287675,0.222657,-0.001148,0.000122,-2.409231,0.001532,30,2698.192711
230,0.294195,0.216137,0.000338,0.000376,-2.409789,0.002732,30,2709.835159
231,0.287340,0.222992,-0.004895,0.000256,-2.410262,0.001457,30,2723.069320
232,0.285798,0.224534,-0.003354,0.000181,-2.410120,0.003553,30,2736.469570
233,0.287086,0.223246,-0.001232,0.000082,-2.410563,0.001236,30,2749.501930
234,0.290181,0.220151,0.001658,0.000102,-2.410489,0.003299,30,2761.769931
235,0.294029,0.216303,0.000843,0.000168,-2.410431,0.002925,30,2773.222554
236,0.317368,0.192964,-0.004423,0.000217,-2.410277,0.003300,30,2785.110330
237,0.301347,0.208984,0.000754,0.000095,-2.409824,0.000684,30,2797.072519
238,0.311643,0.198688,0.000080,0.000075,-2.408023,0.003450,30,2808.846204
239,0.294268,0.216064,-0.001085,0.000145,-2.405570,0.002590,30,2820.185144
240,0.283406,0.226926,-0.001760,0.000129,-2.403489,0.001225,30,2831.573500
241,0.278283,0.232048,-0.000516,0.000146,-2.402752,0.004495,30,2842.064806
242,0.290599,0.219733,-0.000774,0.000092,-2.402519,0.003704,30,2853.173994
243,0.276257,0.234075,0.001122,0.000121,-2.402238,0.003331,30,2866.329724
244,0.284249,0.226083,0.000804,0.000121,-2.402552,0.001489,30,2880.067674
245,0.288443,0.221888,-0.000954,0.000139,-2.400802,0.003752,30,2891.261789
246,0.280158,0.230174,-0.000521,0.000125,-2.398646,0.000773,30,2902.779495
247,0.278233,0.232099,0.003998,0.000110,-2.394715,0.002523,30,2914.683935
248,0.297569,0.212763,-0.002201,0.000186,-2.391967,0.002248,30,2925.770536
249,0.290949,0.219383,-0.003093,0.000056,-2.391703,0.001929,30,2937.955044
250,0.290409,0.219922,-0.000271,0.000230,-2.390979,0.000766,30,2951.120258
251,0.295278,0.215054,-0.002784,0.000130,-2.390912,0.004641,30,2960.876460
252,0.296513,0.213819,-0.000153,0.000057,-2.391593,0.004224,30,2973.556941
253,0.308171,0.202161,-0.002406,0.000111,-2.391936,0.003136,30,2986.634009
254,0.289191,0.221141,-0.005373,0.000142,-2.391998,0.004535,30,2999.258122
255,0.314013,0.196318,0.001673,0.000369,-2.392981,0.004328,30,3012.078716
256,0.294523,0.215809,-0.000710,0.000158,-2.393598,0.001374,30,3025.279210
257,0.294267,0.216065,-0.002457,0.000130,-2.392864,0.001692,30,3038.331802
258,0.281474,0.228858,-0.001293,0.000169,-2.391790,0.001031,30,3051.416369
259,0.278734,0.231598,-0.000270,0.000078,-2.390031,0.002861,30,3064.308107
260,0.284986,0.225346,-0.000959,0.000164,-2.389750,0.002190,30,3074.166515
261,0.284333,0.225999,-0.002874,0.000203,-2.389476,0.003355,17,3086.275360
262,0.271734,0.238598,0.002261,0.000125,-2.389212,0.002677,30,3098.766212
263,0.280669,0.229663,0.001749,0.000088,-2.389289,0.004399,30,3109.550049
264,0.273346,0.236985,0.000621,0.000178,-2.388830,0.001381,30,3120.447627
265,0.259865,0.250467,0.001045,0.000176,-2.387989,0.000453,30,3131.290526
266,0.271811,0.238521,0.001212,0.000139,-2.387251,0.001397,30,3141.927705
267,0.270979,0.239352,-0.002420,0.000120,-2.386433,0.003284,16,3151.687899
268,0.264522,0.245810,-0.001587,0.000096,-2.386007,0.002977,30,3163.106104
269,0.261299,0.249033,-0.002299,0.000092,-2.386792,0.002545,30,3173.122706
270,0.260982,0.249350,0.000554,0.000260,-2.387004,0.000786,30,3182.733916
271,0.267298,0.243034,-0.004975,0.000149,-2.386541,0.004215,30,3193.169017
272,0.259943,0.250389,-0.006481,0.000159,-2.387340,0.002295,30,3203.096160
273,0.255454,0.254878,0.000115,0.000132,-2.388467,0.000752,30,3212.885527
274,0.255974,0.254358,-0.000619,0.000088,-2.387812,0.001356,30,3222.623147
275,0.260727,0.249605,-0.003315,0.000081,-2.387425,0.003670,30,3232.816668
276,0.257019,0.253313,-0.000516,0.000044,-2.386788,0.001223,30,3243.365813
277,0.262562,0.247770,-0.001778,0.000082,-2.385209,0.000610,30,3253.230536
278,0.260454,0.249877,0.000952,0.000084,-2.384250,0.001554,30,3262.953607
279,0.262831,0.247501,0.004704,0.000062,-2.383410,0.001686,30,3273.080542
280,0.262657,0.247675,-0.000156,0.000148,-2.382713,0.002951,30,3284.577805
281,0.267954,0.242378,0.004430,0.000070,-2.382385,0.001480,30,3294.700966
282,0.258965,0.251367,0.001754,0.000118,-2.382014,0.003071,30,3304.087067
283,0.255518,0.254814,0.000056,0.000112,-2.381238,0.002991,30,3313.365283
284,0.260347,0.249985,0.004430,0.000076,-2.380955,0.001098,30,3322.298339
285,0.246536,0.263796,-0.000304,0.000123,-2.381353,0.001683,30,3331.353335
286,0.246731,0.263600,0.002916,0.000059,-2.380759,0.001911,30,3340.531243
287,0.252662,0.257670,-0.002893,0.000035,-2.381444,0.004589,30,3350.390298
288,0.266697,0.243635,-0.002240,0.000173,-2.382641,0.004157,30,3360.746748
289,0.253077,0.257255,-0.001512,0.000078,-2.382911,0.001043,30,3371.517545
290,0.253081,0.257251,0.001182,0.000139,-2.382965,0.002905,30,3382.146093
291,0.247758,0.262574,0.002421,0.000054,-2.381025,0.001705,30,3392.746574
292,0.250587,0.259745,0.001306,0.000121,-2.377622,0.000747,30,3403.980872
293,0.246401,0.263931,-0.000131,0.000084,-2.375969,0.000997,30,3414.136511
294,0.240627,0.269705,-0.009783,0.000067,-2.375385,0.001217,30,3424.311793
295,0.247271,0.263061,0.004342,0.000079,-2.376455,0.000935,30,3435.250458
296,0.240236,0.270096,-0.001055,0.000134,-2.376482,0.004745,30,3446.513376
297,0.249047,0.261285,0.003432,0.000095,-2.376215,0.001606,30,3456.627627
298,0.244041,0.266291,-0.000980,0.000079,-2.375888,0.002230,30,3466.983622
299,0.249941,0.260391,-0.001186,0.000117,-2.375373,0.001252,30,3477.437268
300,0.242155,0.268177,-0.004811,0.000125,-2.374416,0.003670,30,3488.149359
301,0.244506,0.265825,-0.001780,0.000063,-2.372892,0.001809,30,3499.074605
302,0.239014,0.271317,-0.002674,0.000176,-2.371736,0.001600,30,3510.276384
303,0.243065,0.267267,0.000818,0.000061,-2.370326,0.001478,30,3520.891877
304,0.237869,0.272463,0.001435,0.000057,-2.369351,0.000994,30,3531.682980
305,0.240793,0.269539,0.001421,0.000100,-2.368359,0.001129,30,3542.677461
306,0.250096,0.260236,0.002398,0.000143,-2.367437,0.002412,30,3555.101277
307,0.247347,0.262984,-0.003301,0.000135,-2.365381,0.000933,30,3566.482916
308,0.237600,0.272732,0.000870,0.000068,-2.362596,0.002664,30,3577.057975
309,0.246219,0.264113,-0.000793,0.000134,-2.361543,0.003637,30,3587.582122
310,0.243606,0.266726,-0.001822,0.000165,-2.361446,0.004486,30,3598.303107
311,0.243926,0.266406,-0.003524,0.000092,-2.359790,0.000723,30,3608.138553
312,0.241341,0.268991,-0.000473,0.000028,-2.358509,0.000830,30,3618.202163
313,0.231363,0.278969,-0.003492,0.000058,-2.357351,0.003771,30,3628.779282
314,0.242537,0.267795,0.001097,0.000094,-2.357158,0.004439,30,3640.815982
315,0.239691,0.270641,-0.000754,0.000129,-2.356264,0.000658,30,3652.440001
316,0.238290,0.272041,0.000671,0.000058,-2.356490,0.002469,30,3663.579764
317,0.235258,0.275074,-0.004338,0.000104,-2.356961,0.003550,30,3674.070177
318,0.232821,0.277510,0.001466,0.000039,-2.357331,0.004978,30,3684.494326
319,0.234022,0.276309,0.002109,0.000109,-2.358326,0.000606,30,3695.120322
320,0.236938,0.273394,0.001350,0.000045,-2.357236,0.001302,30,3705.880322
321,0.232633,0.277699,0.003135,0.000079,-2.356646,0.002128,30,3716.278873
322,0.241457,0.268874,-0.000885,0.000074,-2.356379,0.002279,30,3726.369319
323,0.239042,0.271290,-0.001281,0.000051,-2.356270,0.001639,30,3736.811868
324,0.237692,0.272640,-0.000002,0.000039,-2.356134,0.002820,30,3748.146366
325,0.236158,0.274173,-0.005945,0.000117,-2.357483,0.003695,30,3759.370299
326,0.233125,0.277207,-0.002142,0.000064,-2.357068,0.003272,30,3770.538412
327,0.241115,0.269217,-0.004983,0.000053,-2.357005,0.003102,30,3780.259163
328,0.241479,0.268853,-0.002699,0.000055,-2.356694,0.004572,30,3789.909801
329,0.231173,0.279159,-0.001828,0.000131,-2.355867,0.002465,30,3799.763443
330,0.240011,0.270321,-0.000022,0.000183,-2.354276,0.003207,30,3809.601660
331,0.230482,0.279850,-0.005720,0.000077,-2.353474,0.001443,30,3820.578460
332,0.237707,0.272624,-0.002209,0.000105,-2.350298,0.002485,30,3830.992167
333,0.235912,0.274420,-0.002729,0.000153,-2.348449,0.002749,30,3841.840991
334,0.243327,0.267005,-0.002326,0.000222,-2.347699,0.004194,30,3853.261155
335,0.233204,0.277128,0.002232,0.000037,-2.347085,0.000504,30,3865.203843
336,0.234976,0.275356,0.001308,0.000068,-2.345482,0.000739,30,3876.407938
337,0.233665,0.276667,0.001050,0.000121,-2.344110,0.000926,30,3887.369216
338,0.241259,0.269073,0.000841,0.000080,-2.342512,0.001459,30,3899.519489
339,0.243124,0.267208,-0.000070,0.000043,-2.342612,0.001225,30,3910.433860
340,0.232801,0.277531,0.006756,0.000065,-2.341930,0.000302,30,3920.094264
341,0.242293,0.268039,0.003927,0.000103,-2.341251,0.001281,30,3929.512016
342,0.241643,0.268688,-0.002940,0.000181,-2.341410,0.004574,30,3939.248428
343,0.233980,0.276352,-0.004904,0.000137,-2.340838,0.002241,30,3948.890097
344,0.231279,0.279053,-0.002040,0.000043,-2.340527,0.000989,30,3958.576241
345,0.234091,0.276241,-0.003663,0.000080,-2.340798,0.001473,30,3968.579045
346,0.233229,0.277103,-0.002319,0.000033,-2.339762,0.003922,30,3977.997733
347,0.228770,0.281562,0.003428,0.000114,-2.339148,0.002778,30,3987.884315
348,0.239666,0.270666,-0.003380,0.000061,-2.337607,0.004450,30,3998.754414
349,0.226631,0.283701,-0.002485,0.000093,-2.336146,0.000500,30,4008.974900
350,0.230831,0.279501,0.002881,0.000085,-2.334872,0.000509,30,4019.103867
351,0.229413,0.280919,-0.002079,0.000023,-2.333031,0.000958,30,4028.879709
352,0.231943,0.278388,0.002014,0.000127,-2.332195,0.002738,30,4038.308832
353,0.232999,0.277333,-0.000292,0.000036,-2.333501,0.004788,30,4048.653502
354,0.230625,0.279707,-0.001506,0.000118,-2.333580,0.002059,30,4059.272623
355,0.231682,0.278650,0.001135,0.000101,-2.332075,0.003166,30,4069.329010
356,0.226219,0.284113,0.001552,0.000082,-2.331123,0.002030,30,4078.913736
357,0.229973,0.280359,-0.002692,0.000187,-2.330711,0.000707,30,4089.917610
358,0.232870,0.277462,0.000210,0.000049,-2.329264,0.001521,30,4103.574533
359,0.234520,0.275812,-0.000065,0.000093,-2.327612,0.001338,30,4116.959083
360,0.231933,0.278399,0.003277,0.000028,-2.327519,0.001060,30,4130.912167
361,0.237728,0.272604,0.002817,0.000054,-2.327891,0.000523,30,4145.207763
362,0.230747,0.279585,0.000486,0.000065,-2.326214,0.002098,30,4154.774795
363,0.231466,0.278866,-0.000705,0.000087,-2.323174,0.001688,30,4164.570756
364,0.237377,0.272955,-0.000786,0.000039,-2.321975,0.004393,30,4176.851510
365,0.228824,0.281508,-0.005864,0.000063,-2.321439,0.003761,30,4187.236850
366,0.232724,0.277608,-0.000580,0.000038,-2.321234,0.001404,30,4197.841984
367,0.235267,0.275064,-0.002642,0.000062,-2.320028,0.002507,30,4214.368767
368,0.233823,0.276509,-0.002408,0.000070,-2.319982,0.002777,30,4226.300698
369,0.237327,0.273005,0.001566,0.000047,-2.319905,0.000860,30,4238.129094
370,0.233989,0.276343,-0.000305,0.000168,-2.321757,0.000885,30,4250.081324
371,0.235900,0.274431,-0.001732,0.000049,-2.323852,0.002271,30,4260.636400
372,0.236861,0.273471,-0.000835,0.000101,-2.323986,0.000441,30,4270.380011
373,0.232804,0.277528,0.001577,0.000056,-2.323078,0.001237,30,4284.484297
374,0.238136,0.272196,-0.000054,0.000041,-2.320553,0.001943,30,4297.972668
375,0.239134,0.271198,0.002928,0.000069,-2.317406,0.002714,30,4309.000497
376,0.243029,0.267303,-0.003698,0.000029,-2.313788,0.003520,30,4323.196181
377,0.236139,0.274192,0.004891,0.000018,-2.312356,0.002658,30,4337.364517
378,0.227426,0.282906,0.000149,0.000057,-2.311080,0.002818,30,4351.880512
379,0.239669,0.270663,-0.000646,0.000066,-2.309496,0.001006,30,4359.134956
380,0.237441,0.272891,0.000777,0.000057,-2.307867,0.001572,30,4371.998346
381,0.233094,0.277237,0.000168,0.000035,-2.305264,0.000978,30,4383.234720
382,0.239304,0.271028,0.002141,0.000018,-2.302472,0.001814,30,4394.547331
383,0.242862,0.267470,-0.003144,0.000045,-2.301284,0.002231,30,4406.316182
384,0.233572,0.276760,-0.002471,0.000077,-2.299905,0.002383,30,4417.148774
385,0.230026,0.280306,0.002297,0.000090,-2.298635,0.003198,30,4428.392722
386,0.229507,0.280824,-0.004315,0.000054,-2.296789,0.003444,30,4440.872299
387,0.238322,0.272009,0.004642,0.000047,-2.294545,0.002956,30,4453.640899
388,0.231554,0.278777,0.003487,0.000132,-2.292801,0.001744,30,4465.321097
389,0.233533,0.276799,0.001492,0.000047,-2.291570,0.000227,30,4477.232303
390,0.235062,0.275270,-0.001977,0.000109,-2.290344,0.001502,30,4489.709460
391,0.232588,0.277744,-0.004901,0.000071,-2.289880,0.003305,30,4503.778183
392,0.243589,0.266743,-0.001365,0.000176,-2.288618,0.002138,30,4516.302030
393,0.239815,0.270517,-0.001411,0.000094,-2.285572,0.001255,30,4528.145447
394,0.238164,0.272168,-0.002552,0.000035,-2.282259,0.001136,30,4538.863192
395,0.242747,0.267585,-0.001999,0.000179,-2.280922,0.003230,30,4550.407099
396,0.232898,0.277434,-0.001833,0.000100,-2.279918,0.000447,30,4562.316071
397,0.231056,0.279276,-0.002028,0.000053,-2.279050,0.001663,30,4573.919423
398,0.237477,0.272855,0.001701,0.000065,-2.277508,0.001883,30,4586.282606
399,0.229058,0.281274,0.001128,0.000085,-2.277232,0.000455,30,4597.850024
400,0.234445,0.275887,-0.003519,0.000052,-2.276751,0.004136,30,4609.408478
401,0.240453,0.269878,0.002972,0.000137,-2.276601,0.003183,14,4622.484378
402,0.232299,0.278033,-0.004667,0.000072,-2.275248,0.002635,30,4635.919554
403,0.222712,0.287620,0.002185,0.000095,-2.273650,0.001276,30,4651.257449
404,0.232255,0.278077,0.000663,0.000068,-2.272716,0.000594,30,4666.817955
405,0.228080,0.282252,0.001559,0.000091,-2.272064,0.002788,30,4682.299608
406,0.227234,0.283098,-0.000113,0.000072,-2.272565,0.001292,30,4697.922577
407,0.228225,0.282107,-0.001572,0.000044,-2.272465,0.003319,30,4713.029914
408,0.232697,0.277635,-0.003559,0.000047,-2.270252,0.003038,30,4724.166204
409,0.225975,0.284357,0.001700,0.000033,-2.268271,0.002280,30,4735.831327
410,0.223225,0.287107,0.000610,0.000054,-2.265406,0.002776,30,4746.995736
411,0.227954,0.282378,0.002292,0.000039,-2.263650,0.001878,30,4757.118454
412,0.223543,0.286789,0.000627,0.000074,-2.264703,0.002188,30,4766.944942
413,0.227516,0.282816,-0.002962,0.000065,-2.265832,0.001779,30,4777.459566
414,0.229887,0.280445,0.004665,0.000034,-2.264960,0.001381,30,4787.354511
415,0.229480,0.280852,0.003241,0.000021,-2.263243,0.000725,30,4797.806903
416,0.224931,0.285401,-0.006601,0.000075,-2.261578,0.001876,30,4808.069144
417,0.227016,0.283316,-0.002885,0.000052,-2.261520,0.001313,30,4817.855931
418,0.227059,0.283273,0.000384,0.000107,-2.261292,0.000478,30,4827.736210
419,0.222719,0.287613,0.000324,0.000073,-2.261813,0.000595,30,4836.868238
420,0.222630,0.287702,-0.004102,0.000054,-2.260989,0.000736,30,4846.690669
421,0.219545,0.290787,-0.002729,0.000039,-2.260677,0.000913,30,4857.315421
422,0.220162,0.290170,-0.001733,0.000099,-2.261159,0.000909,30,4868.548860
423,0.220690,0.289642,-0.009161,0.000148,-2.260254,0.002846,30,4879.162006
424,0.222847,0.287485,-0.001576,0.000032,-2.258608,0.003700,30,4890.047595
425,0.219246,0.291086,0.001460,0.000067,-2.256177,0.000433,30,4899.888190
426,0.221773,0.288558,0.001623,0.000054,-2.252947,0.002777,30,4909.292261
427,0.220161,0.290171,-0.004338,0.000039,-2.249841,0.002242,30,4918.884822
428,0.224981,0.285351,-0.002827,0.000098,-2.247857,0.002268,30,4929.423668
429,0.220247,0.290085,-0.000854,0.000125,-2.246787,0.000827,30,4940.070936
430,0.226129,0.284203,-0.002018,0.000108,-2.245299,0.002773,30,4950.033200
431,0.220368,0.289964,0.000133,0.000057,-2.244629,0.002161,30,4960.211121
432,0.218166,0.292165,-0.000984,0.000153,-2.244086,0.000832,30,4969.756197
433,0.216751,0.293581,-0.003432,0.000099,-2.242499,0.002305,30,4979.751612
434,0.217414,0.292918,0.001906,0.000055,-2.240860,0.001177,30,4991.344354
435,0.230293,0.280039,0.001624,0.000094,-2.238681,0.002183,30,5001.696890
436,0.219509,0.290822,0.001130,0.000095,-2.237059,0.001280,30,5012.124065
437,0.220083,0.290248,-0.001462,0.000066,-2.235185,0.002739,30,5022.546661
438,0.220175,0.290156,-0.002751,0.000056,-2.234161,0.002196,30,5032.416678
439,0.237233,0.273099,-0.004087,0.000277,-2.233858,0.002262,30,5042.047764
440,0.216046,0.294286,0.000234,0.000117,-2.233300,0.002045,30,5051.497778
441,0.213103,0.297228,-0.001435,0.000060,-2.233292,0.000855,30,5061.521368
442,0.214923,0.295409,-0.002471,0.000085,-2.233053,0.000638,30,5071.498616
443,0.216471,0.293861,-0.000721,0.000012,-2.231124,0.001805,30,5082.551949
444,0.214895,0.295437,-0.001983,0.000053,-2.226863,0.001166,30,5092.442588
445,0.215927,0.294405,-0.001276,0.000017,-2.223833,0.000580,30,5102.152958
446,0.215983,0.294349,-0.002047,0.000078,-2.222975,0.003986,30,5111.209066
447,0.213651,0.296680,-0.001527,0.000071,-2.221930,0.000975,30,5121.248412
448,0.214192,0.296139,0.000841,0.000078,-2.220040,0.001051,30,5131.348205
449,0.205210,0.305122,0.000170,0.000025,-2.219557,0.001644,30,5141.513182
450,0.213870,0.296461,0.001988,0.000110,-2.219073,0.002473,30,5151.612369
451,0.210171,0.300161,0.002493,0.000079,-2.217928,0.001487,30,5161.878441
452,0.210561,0.299771,-0.003038,0.000119,-2.216704,0.000692,30,5172.110221
453,0.210999,0.299333,0.000565,0.000048,-2.215424,0.001626,30,5183.391243
454,0.221694,0.288638,-0.004564,0.000193,-2.215055,0.003656,30,5193.776073
455,0.212876,0.297456,0.001050,0.000079,-2.214366,0.001229,30,5203.498251
456,0.219093,0.291239,0.001258,0.000050,-2.211986,0.000665,30,5214.154975
457,0.216747,0.293585,-0.000921,0.000030,-2.209960,0.003932,30,5224.389237
458,0.216738,0.293594,-0.002959,0.000044,-2.209373,0.000572,30,5234.596846
459,0.213432,0.296900,-0.004015,0.000054,-2.208668,0.002160,30,5243.900618
460,0.218160,0.292172,0.002776,0.000077,-2.207767,0.000781,30,5253.989905
461,0.209958,0.300373,-0.002787,0.000073,-2.206635,0.001384,30,5264.002179
462,0.207068,0.303263,0.001540,0.000065,-2.204006,0.003176,30,5274.300171
463,0.219958,0.290374,0.001400,0.000166,-2.201637,0.001278,30,5283.784324
464,0.208952,0.301380,0.000916,0.000139,-2.200498,0.003603,30,5293.120425
465,0.215363,0.294969,-0.001250,0.000080,-2.198005,0.001447,30,5302.809164
466,0.205459,0.304873,-0.000996,0.000210,-2.195097,0.000589,30,5312.677979
467,0.208841,0.301491,0.004735,0.000044,-2.193798,0.002590,30,5323.324506
468,0.212328,0.298004,0.000959,0.000072,-2.192708,0.001727,30,5333.675255
469,0.214054,0.296277,0.000567,0.000114,-2.192506,0.000403,30,5343.824088
470,0.209475,0.300857,-0.004395,0.000067,-2.192079,0.000303,30,5353.973678
471,0.212566,0.297766,-0.003156,0.000073,-2.190684,0.001316,30,5363.912899
472,0.209222,0.301110,-0.000938,0.000092,-2.188658,0.000377,30,5374.276508
473,0.208115,0.302217,0.003248,0.000115,-2.186452,0.001832,30,5384.388507
474,0.212080,0.298252,-0.000747,0.000063,-2.183785,0.001025,30,5395.117199
475,0.230910,0.279422,0.001657,0.000149,-2.181168,0.001245,30,5405.384738
476,0.258645,0.251686,-0.000764,0.000524,-2.180015,0.003511,30,5415.613867
477,0.222144,0.288188,-0.002045,0.000303,-2.179914,0.003809,30,5425.477437
478,0.211884,0.298448,0.000694,0.000078,-2.178823,0.001438,30,5436.112703
479,0.217748,0.292584,0.001285,0.000185,-2.177183,0.001459,30,5446.179418
480,0.210182,0.300150,0.001442,0.000104,-2.177173,0.000755,30,5455.896579
481,0.207933,0.302399,-0.001961,0.000053,-2.176113,0.000810,30,5466.015881
482,0.211386,0.298946,0.003924,0.000092,-2.174987,0.001845,30,5476.247093
483,0.216006,0.294326,-0.000326,0.000042,-2.173642,0.001057,30,5487.140043
484,0.221332,0.289000,-0.003446,0.000087,-2.173524,0.002856,30,5497.021227
485,0.212177,0.298155,0.002629,0.000112,-2.174569,0.000339,30,5507.015745
486,0.211393,0.298939,0.001701,0.000092,-2.175582,0.000592,30,5516.870699
487,0.214207,0.296125,-0.001231,0.000049,-2.176640,0.002421,30,5526.077683
488,0.213291,0.297040,0.001826,0.000097,-2.177316,0.000539,30,5535.431409
489,0.207701,0.302631,-0.002968,0.000037,-2.177102,0.001280,30,5545.129317
490,0.209503,0.300828,-0.004780,0.000058,-2.176775,0.002491,30,5554.824205
491,0.212307,0.298025,0.000200,0.000072,-2.177618,0.002246,30,5564.162850
492,0.215425,0.294907,-0.000874,0.000056,-2.176251,0.000090,30,5574.260818
493,0.214037,0.296295,-0.004205,0.000076,-2.174701,0.001374,30,5584.131312
494,0.205615,0.304717,-0.004575,0.000072,-2.174243,0.000595,30,5593.854424
495,0.209568,0.300764,-0.000438,0.000116,-2.173264,0.002204,30,5602.376020
496,0.208840,0.301492,-0.002827,0.000087,-2.171246,0.001496,30,5611.419595
497,0.207147,0.303184,0.002513,0.000034,-2.170014,0.000878,30,5620.237310
498,0.207131,0.303201,0.002023,0.000059,-2.169887,0.001048,30,5629.160417
499,0.203812,0.306520,0.002065,0.000169,-2.168122,0.000558,30,5637.943124
500,0.210871,0.299461,0.004257,0.000056,-2.166894,0.000935,30,5647.139944
501,0.213735,0.296597,-0.000026,0.000119,-2.166183,0.003873,30,5655.910186
502,0.206425,0.303907,0.000960,0.000207,-2.165314,0.002990,30,5665.059429
503,0.211999,0.298333,0.003112,0.000062,-2.163831,0.001345,30,5673.924388
504,0.200745,0.309587,-0.002223,0.000094,-2.162123,0.000651,30,5682.955357
505,0.200715,0.309617,0.002341,0.000098,-2.158764,0.000600,30,5693.020792
506,0.206958,0.303374,-0.000138,0.000075,-2.157247,0.000906,30,5702.348062
507,0.194916,0.315416,0.002383,0.000094,-2.155411,0.000040,30,5712.171514
508,0.201962,0.308370,-0.004122,0.000048,-2.153331,0.000886,30,5721.637138
509,0.203737,0.306594,-0.000199,0.000092,-2.152261,0.000647,30,5731.929156
510,0.204217,0.306115,0.001784,0.000087,-2.150731,0.001274,30,5741.334605
511,0.214972,0.295360,-0.000623,0.000157,-2.149731,0.003406,30,5750.485516
512,0.202986,0.307346,-0.000717,0.000080,-2.148996,0.000535,30,5760.500542
513,0.198377,0.311954,-0.001034,0.000080,-2.147506,0.000823,30,5770.168218
514,0.199789,0.310542,0.000082,0.000020,-2.145689,0.001791,30,5779.768752
515,0.198234,0.312098,0.001641,0.000017,-2.144124,0.000105,30,5788.896424
516,0.202790,0.307542,0.000951,0.000142,-2.143116,0.001470,30,5797.959487
517,0.207773,0.302559,-0.000696,0.000144,-2.141528,0.001306,30,5807.120153
518,0.199837,0.310495,-0.001304,0.000101,-2.139694,0.000754,30,5817.062423
519,0.198506,0.311826,-0.002350,0.000111,-2.137990,0.000974,30,5826.386168
520,0.207165,0.303167,0.001952,0.000134,-2.135738,0.001005,30,5835.623857
521,0.210820,0.299512,-0.002111,0.000135,-2.133240,0.000768,30,5844.741051
522,0.200515,0.309817,-0.005432,0.000103,-2.131981,0.003231,21,5853.726243
523,0.222475,0.287857,-0.001748,0.000163,-2.130901,0.002135,30,5862.885670
524,0.208733,0.301598,0.001411,0.000060,-2.129173,0.000896,30,5871.914586
525,0.202897,0.307435,0.003448,0.000272,-2.127957,0.003416,30,5881.090435
526,0.217668,0.292664,-0.001372,0.000148,-2.127198,0.000851,30,5890.305857
527,0.207638,0.302694,0.003833,0.000069,-2.125512,0.001811,30,5899.301414
528,0.208991,0.301341,-0.004500,0.000062,-2.123492,0.001942,30,5908.669208
529,0.218561,0.291771,-0.002033,0.000099,-2.122008,0.001395,30,5917.839731
530,0.213007,0.297325,-0.001337,0.000133,-2.120266,0.001908,30,5926.728519
531,0.203503,0.306829,-0.000552,0.000047,-2.118680,0.001325,30,5935.441699
532,0.204883,0.305448,0.000090,0.000065,-2.115780,0.001308,30,5944.224875
533,0.202852,0.307479,-0.000963,0.000061,-2.112940,0.001297,30,5953.199465
534,0.204273,0.306059,-0.002811,0.000092,-2.111623,0.002866,30,5962.142899
535,0.229971,0.280361,0.000042,0.000270,-2.111525,0.002040,30,5972.901952
536,0.205038,0.305294,0.000025,0.000169,-2.110251,0.001356,30,5985.475721
537,0.210613,0.299719,0.003940,0.000063,-2.107866,0.000683,30,5996.341812
538,0.229910,0.280421,-0.002378,0.000107,-2.105208,0.001136,30,6009.297809
539,0.203430,0.306902,-0.001284,0.000239,-2.103257,0.003961,21,6021.739715
540,0.203480,0.306852,-0.000216,0.000095,-2.101479,0.003298,29,6034.732374
541,0.253840,0.256492,-0.002428,0.000600,-2.099622,0.002410,30,6048.327188
542,0.215869,0.294463,-0.001262,0.000393,-2.097011,0.002837,26,6059.557472
543,0.200798,0.309534,-0.000408,0.000110,-2.095112,0.002604,27,6067.037263
544,0.250241,0.260091,0.003043,0.000526,-2.092315,0.000457,30,6073.188659
545,0.269321,0.241011,0.003788,0.000341,-2.089443,0.001515,30,6079.364844
546,0.236590,0.273741,-0.005874,0.000520,-2.088747,0.004191,30,6085.564559
547,0.211074,0.299258,0.005261,0.000204,-2.088103,0.000232,30,6091.587592
548,0.207125,0.303207,-0.000481,0.000062,-2.087767,0.001403,30,6097.543332
549,0.205994,0.304338,0.005441,0.000158,-2.088311,0.001498,30,6103.654956
550,0.205223,0.305109,0.001084,0.000039,-2.086169,0.000836,30,6109.762592
551,0.203236,0.307096,0.000080,0.000073,-2.084474,0.001413,30,6115.773579
552,0.210963,0.299368,0.004101,0.000062,-2.082427,0.000766,30,6121.901386
553,0.223501,0.286831,-0.000439,0.000080,-2.079760,0.000912,30,6128.069890
554,0.212824,0.297508,-0.002728,0.000101,-2.078286,0.002978,30,6134.246530
555,0.206541,0.303790,-0.007607,0.000084,-2.077595,0.001589,30,6140.204318
556,0.199498,0.310834,-0.004299,0.000097,-2.077017,0.001480,30,6146.381492
557,0.223590,0.286742,0.003227,0.000177,-2.075074,0.000927,30,6152.430794
558,0.225778,0.284554,-0.004405,0.000083,-2.072208,0.002922,30,6158.670727
559,0.194283,0.316049,-0.003282,0.000262,-2.070895,0.000428,30,6164.719780
560,0.195621,0.314711,-0.001806,0.000081,-2.069683,0.000376,30,6170.769458
561,0.194475,0.315857,-0.001318,0.000091,-2.067963,0.001284,30,6176.821934
562,0.200344,0.309988,-0.004238,0.000123,-2.065851,0.000686,30,6182.842180
563,0.195960,0.314372,0.001527,0.000063,-2.063210,0.002825,30,6188.850633
564,0.214179,0.296153,-0.003263,0.000161,-2.060315,0.002414,30,6195.011967
565,0.194991,0.315341,0.003456,0.000170,-2.059137,0.000267,30,6200.999860
566,0.192152,0.318180,-0.002350,0.000100,-2.057371,0.000206,30,6206.882311
567,0.192144,0.318188,-0.001542,0.000050,-2.056495,0.000224,30,6212.904958
568,0.195914,0.314418,0.002715,0.000169,-2.055633,0.000189,30,6218.870995
569,0.197462,0.312870,0.002318,0.000116,-2.054500,0.000410,30,6224.946740
570,0.192924,0.317408,0.002781,0.000093,-2.052861,0.000281,30,6230.902843
571,0.193574,0.316758,0.000585,0.000104,-2.051351,0.000221,30,6236.850557
572,0.202192,0.308140,0.003534,0.000261,-2.050220,0.001745,30,6242.939559
573,0.210029,0.300302,-0.002332,0.000089,-2.048232,0.001379,30,6248.911326
574,0.195747,0.314585,-0.001104,0.000105,-2.046547,0.000497,30,6254.972834
575,0.199326,0.311006,0.003112,0.000111,-2.044704,0.000411,30,6261.317288
576,0.194752,0.315579,-0.005087,0.000065,-2.042583,0.001282,30,6267.466810
577,0.204778,0.305554,-0.002020,0.000259,-2.041228,0.002837,30,6273.465278
578,0.200681,0.309651,-0.000179,0.000045,-2.039901,0.000754,30,6279.484103
579,0.208513,0.301819,-0.003835,0.000069,-2.038745,0.000199,30,6285.486401
580,0.203656,0.306676,0.004949,0.000114,-2.036747,0.000105,30,6291.456312
581,0.200806,0.309525,0.004823,0.000121,-2.034290,0.001347,30,6297.377348
582,0.204628,0.305704,-0.001791,0.000103,-2.032397,0.000819,30,6303.417381
583,0.199532,0.310800,0.004356,0.000135,-2.030528,0.000618,30,6309.536421
584,0.208791,0.301541,-0.000921,0.000156,-2.028367,0.000448,30,6315.671462
585,0.201850,0.308482,0.000393,0.000110,-2.025978,0.002462,30,6321.797264
586,0.207012,0.303320,0.001086,0.000070,-2.023760,0.001795,30,6327.906002
587,0.238749,0.271583,-0.001672,0.000367,-2.023163,0.002755,30,6333.823263
588,0.200588,0.309743,0.000799,0.000394,-2.021324,0.002311,30,6339.722980
589,0.221708,0.288624,-0.000541,0.000224,-2.018591,0.000497,30,6345.796544
590,0.214527,0.295805,-0.006137,0.000101,-2.016554,0.000604,30,6351.891735
591,0.203696,0.306636,0.002308,0.000144,-2.014879,0.002658,30,6357.933353
592,0.206425,0.303907,0.004799,0.000100,-2.013421,0.000935,30,6363.963824
593,0.224109,0.286223,-0.003391,0.000143,-2.012302,0.001297,30,6369.876595
594,0.204335,0.305997,-0.000925,0.000138,-2.011965,0.001292,30,6375.947549
595,0.198302,0.312030,0.002238,0.000041,-2.010540,0.000131,30,6382.011778
596,0.206695,0.303636,-0.000049,0.000066,-2.008706,0.000365,30,6387.998915
597,0.198830,0.311501,-0.000513,0.000115,-2.006119,0.000385,30,6394.089373
598,0.208489,0.301842,-0.003088,0.000144,-2.004094,0.001429,30,6400.155829
599,0.191569,0.318763,-0.001964,0.000116,-2.002132,0.001636,30,6406.290089
600,0.198125,0.312207,-0.000345,0.000081,-1.998877,0.002166,30,6412.568512
601,0.194221,0.316111,0.002025,0.000103,-1.995656,0.000994,30,6418.652970
602,0.196029,0.314302,-0.000329,0.000028,-1.994139,0.000157,30,6424.728060
603,0.202546,0.307785,-0.001300,0.000082,-1.992288,0.001040,30,6430.958329
604,0.198938,0.311393,-0.002319,0.000090,-1.990289,0.002123,30,6437.050773
605,0.208692,0.301640,-0.002491,0.000160,-1.989595,0.000824,30,6442.931478
606,0.196679,0.313653,-0.002935,0.000096,-1.989005,0.000674,30,6448.944328
607,0.193636,0.316695,0.003863,0.000056,-1.987646,0.001359,30,6455.005886
608,0.197994,0.312338,0.005312,0.000060,-1.985200,0.000787,30,6461.133047
609,0.211687,0.298645,-0.001304,0.000093,-1.982950,0.000297,30,6467.064847
610,0.196078,0.314254,-0.002141,0.000122,-1.981283,0.001210,30,6473.052165
611,0.207357,0.302975,-0.002354,0.000192,-1.979286,0.000914,30,6479.038446
612,0.198276,0.312056,0.001753,0.000136,-1.976719,0.000040,30,6485.196440
613,0.204684,0.305648,0.000272,0.000088,-1.974073,0.001495,30,6491.228327
614,0.220339,0.289992,0.001334,0.000371,-1.971740,0.000376,30,6497.253022
615,0.239880,0.270451,-0.000743,0.000304,-1.969232,0.000316,30,6503.112210
616,0.262816,0.247516,-0.002942,0.000396,-1.967529,0.000269,30,6509.207723
617,0.233672,0.276660,0.000878,0.000278,-1.965768,0.003125,30,6515.230396
618,0.248150,0.262182,-0.006960,0.000362,-1.964529,0.000663,30,6521.176146
619,0.228650,0.281682,0.004318,0.000353,-1.963213,0.000046,30,6527.209627
620,0.225895,0.284437,-0.005872,0.000173,-1.961688,0.000534,30,6533.193881
621,0.243104,0.267227,-0.000091,0.000227,-1.961257,0.000385,30,6539.127326
622,0.232695,0.277637,-0.001593,0.000322,-1.960060,0.000249,30,6545.155071
623,0.234706,0.275626,-0.005534,0.000249,-1.959224,0.002006,30,6551.091033
624,0.261784,0.248548,-0.000875,0.000318,-1.958932,0.000458,30,6556.985394
625,0.248868,0.261464,-0.006014,0.000121,-1.957981,0.001829,30,6563.007329
626,0.263894,0.246438,0.000623,0.000301,-1.956940,0.001558,30,6569.085864
627,0.285396,0.224936,-0.001550,0.000187,-1.954911,0.001047,30,6575.084051
628,0.305087,0.205244,0.001645,0.000563,-1.952914,0.000533,30,6581.000455
629,0.329959,0.180372,-0.004329,0.001193,-1.951388,0.000614,30,6587.013779
630,0.310101,0.200231,0.003580,0.000440,-1.949918,0.000521,30,6593.048678
631,0.314119,0.196212,0.001828,0.000292,-1.947635,0.001481,30,6599.158626
632,0.366777,0.143555,-0.001953,0.001082,-1.945026,0.000402,30,6605.202607
633,0.368080,0.142252,0.004054,0.000332,-1.942778,0.001237,30,6611.289967
634,0.296249,0.214083,-0.000458,0.001243,-1.940508,0.002491,30,6617.320159
635,0.326575,0.183757,0.002474,0.000849,-1.939047,0.000152,30,6623.493029
636,0.321333,0.188998,0.003717,0.000303,-1.937512,0.000580,30,6629.394580
637,0.292357,0.217975,0.003238,0.000559,-1.935975,0.002048,30,6635.423098
638,0.335148,0.175184,-0.001697,0.000767,-1.933511,0.000325,30,6641.423423
639,0.304381,0.205951,-0.003688,0.000535,-1.932506,0.001737,30,6647.425885
640,0.457276,0.053056,-0.002137,0.004846,-1.931802,0.000587,30,6653.364009
641,0.423334,0.086997,-0.003972,0.000732,-1.929364,0.000093,30,6659.483760
642,0.398785,0.111547,-0.002654,0.000341,-1.927504,0.002481,26,6666.053812
643,0.283457,0.226875,-0.003254,0.002914,-1.926552,0.002804,30,6674.934863
644,0.280090,0.230242,-0.004078,0.000563,-1.925489,0.001635,30,6682.409169
645,0.317743,0.192589,-0.000312,0.000730,-1.923554,0.000578,30,6688.865139
646,0.337773,0.172559,-0.000422,0.000449,-1.921692,0.000125,30,6695.265294
647,0.307452,0.202880,0.000139,0.000560,-1.920125,0.000270,30,6701.752964
648,0.282433,0.227899,0.005327,0.000664,-1.918945,0.002423,30,6707.898755
649,0.224063,0.286269,0.000230,0.001008,-1.916271,0.002142,30,6713.909207
650,0.273861,0.236471,-0.001790,0.000570,-1.913198,0.000460,30,6719.886790
651,0.269082,0.241250,0.002585,0.000160,-1.909993,0.000630,30,6726.022005
652,0.255758,0.254574,-0.004275,0.000293,-1.907788,0.000887,30,6731.952152
653,0.219590,0.290742,-0.001736,0.000494,-1.906623,0.000520,30,6737.989513
654,0.222622,0.287710,-0.000327,0.000231,-1.905912,0.002602,30,6744.145184
655,0.266057,0.244275,0.003138,0.000555,-1.905252,0.001065,30,6750.246045
656,0.288600,0.221731,-0.000441,0.001022,-1.903973,0.002806,30,6756.613405
657,0.214292,0.296039,-0.004859,0.001200,-1.902871,0.002640,25,6762.582114
658,0.252424,0.257907,-0.000141,0.000488,-1.901571,0.000206,30,6768.765182
659,0.239596,0.270736,0.001111,0.000153,-1.899791,0.000380,30,6774.750778
660,0.212870,0.297461,-0.000333,0.000231,-1.898604,0.001062,30,6781.011594
661,0.205046,0.305286,0.000254,0.000111,-1.896761,0.000254,30,6787.064406
662,0.200367,0.309965,0.001642,0.000112,-1.893705,0.000644,30,6793.324251
663,0.219254,0.291078,-0.002313,0.000255,-1.891177,0.000775,30,6799.392865
664,0.200821,0.309510,0.003919,0.000255,-1.889761,0.000567,30,6805.621374
665,0.206648,0.303684,0.004642,0.000071,-1.887318,0.000554,30,6811.701137
666,0.211139,0.299193,-0.003683,0.000093,-1.884702,0.000668,30,6817.773579
667,0.210089,0.300243,0.003859,0.000137,-1.882845,0.000177,30,6823.804372
668,0.205350,0.304982,-0.005407,0.000151,-1.880369,0.002256,30,6829.919092
669,0.239091,0.271240,0.001515,0.000362,-1.878452,0.000920,30,6835.929162
670,0.216644,0.293688,-0.001317,0.000098,-1.876895,0.000314,30,6842.059176
671,0.219176,0.291156,0.002172,0.000112,-1.875461,0.000933,30,6848.053972
672,0.219262,0.291070,-0.000813,0.000113,-1.873591,0.000319,30,6853.970638
673,0.229665,0.280667,0.001553,0.000215,-1.871648,0.000061,30,6859.913439
674,0.216660,0.293672,-0.001830,0.000337,-1.869788,0.001052,30,6865.787783
675,0.216816,0.293516,0.000957,0.000169,-1.867450,0.000415,30,6871.627628
676,0.245013,0.265319,0.000605,0.000343,-1.865541,0.000695,30,6877.553510
677,0.214100,0.296232,0.000139,0.000284,-1.862938,0.000415,30,6883.579060
678,0.261616,0.248716,-0.000184,0.000673,-1.860644,0.001215,30,6889.494266
679,0.264859,0.245473,0.000201,0.000208,-1.858906,0.001556,30,6895.497868
680,0.235371,0.274960,-0.001091,0.000236,-1.857196,0.000305,30,6901.346256
681,0.257306,0.253026,-0.004251,0.000411,-1.855506,0.000483,30,6907.278100
682,0.290562,0.219770,0.000356,0.000529,-1.854351,0.000099,30,6913.229715
683,0.268342,0.241990,-0.005345,0.000383,-1.852357,0.003416,28,6919.109893
684,0.227761,0.282571,-0.000837,0.000520,-1.850677,0.000229,30,6925.040180
685,0.231641,0.278691,-0.004676,0.000130,-1.848332,0.000273,30,6930.875296
686,0.242662,0.267670,0.003754,0.000118,-1.846464,0.000420,30,6936.770622
687,0.258438,0.251894,-0.000965,0.000305,-1.844187,0.000355,30,6942.578147
688,0.263903,0.246429,-0.004156,0.000331,-1.841865,0.000334,30,6948.586138
689,0.292135,0.218197,0.002760,0.000438,-1.840648,0.001495,30,6954.478356
690,0.273832,0.236500,-0.001478,0.000311,-1.840480,0.001341,30,6960.344409
691,0.330661,0.179671,0.002144,0.001335,-1.839628,0.000824,30,6966.362636
692,0.253754,0.256578,0.002178,0.001128,-1.837844,0.001612,30,6972.295139
693,0.261126,0.249206,-0.004454,0.000242,-1.835648,0.000101,30,6978.347898
694,0.260254,0.250078,0.000250,0.000200,-1.834097,0.000433,30,6984.190488
695,0.238909,0.271423,0.003746,0.000320,-1.831445,0.000909,30,6990.051863
696,0.236675,0.273657,-0.005572,0.000183,-1.829949,0.000632,30,6996.044314
697,0.266035,0.244297,-0.005404,0.000356,-1.829009,0.000668,30,7002.034134
698,0.225712,0.284620,-0.001795,0.000339,-1.827666,0.002784,28,7007.936298
699,0.239002,0.271329,-0.000927,0.000147,-1.825798,0.000582,30,7013.756186
700,0.224036,0.286296,-0.003365,0.000182,-1.823571,0.000218,30,7019.637726
701,0.220492,0.289840,0.000300,0.000069,-1.822051,0.000601,30,7025.832211
702,0.222339,0.287993,0.000334,0.000110,-1.820791,0.000558,30,7032.121549
703,0.230306,0.280026,0.002789,0.000090,-1.818982,0.000209,30,7039.266130
704,0.237307,0.273025,-0.001394,0.000077,-1.817088,0.000734,30,7046.648880
705,0.241018,0.269314,-0.002276,0.000079,-1.815990,0.000190,30,7054.119761
706,0.245298,0.265034,0.002889,0.000139,-1.815052,0.000210,30,7061.648866
707,0.233226,0.277106,0.000515,0.000138,-1.813231,0.001781,30,7069.143783
708,0.243588,0.266744,0.000589,0.000092,-1.811772,0.000499,30,7076.500465
709,0.227362,0.282970,0.000068,0.000124,-1.810373,0.000323,30,7084.018733
710,0.230452,0.279880,0.005102,0.000147,-1.808509,0.000595,30,7091.311839
711,0.240352,0.269980,-0.000190,0.000137,-1.806231,0.000183,30,7098.809528
712,0.232484,0.277848,0.000450,0.000143,-1.804102,0.000415,30,7106.919156
713,0.231958,0.278374,0.000740,0.000103,-1.802377,0.001254,30,7114.619252
714,0.222631,0.287701,-0.004713,0.000050,-1.799922,0.000191,30,7124.007348
715,0.224318,0.286014,-0.001624,0.000150,-1.797622,0.000360,30,7133.280593
716,0.218913,0.291419,-0.003369,0.000072,-1.795142,0.000200,30,7141.075994
717,0.214115,0.296217,-0.001487,0.000062,-1.792924,0.000568,30,7148.812062
718,0.212762,0.297570,-0.003176,0.000206,-1.791570,0.001151,30,7156.824211
719,0.213103,0.297229,-0.001092,0.000153,-1.790426,0.000582,30,7164.504670
720,0.248595,0.261737,-0.004301,0.000364,-1.789126,0.000252,30,7172.951784
721,0.223251,0.287080,-0.001875,0.000252,-1.787911,0.000850,30,7182.175314
722,0.215805,0.294527,-0.002860,0.000144,-1.786362,0.000114,30,7189.492541
723,0.216039,0.294293,-0.004470,0.000184,-1.785308,0.000687,30,7196.657334
724,0.221228,0.289104,-0.004796,0.000161,-1.785064,0.000210,30,7203.996418
725,0.217005,0.293326,0.004428,0.000142,-1.783551,0.000284,30,7210.250787
726,0.231686,0.278646,0.003288,0.000200,-1.780928,0.000139,30,7218.212142
727,0.231762,0.278569,0.004730,0.000102,-1.778096,0.000131,30,7235.217442
728,0.244282,0.266050,-0.001920,0.000266,-1.775373,0.001020,30,7252.068532
729,0.213836,0.296496,0.000123,0.000211,-1.773399,0.000143,30,7266.375191
730,0.226291,0.284040,-0.001635,0.000139,-1.771310,0.000225,30,7273.859003
731,0.219756,0.290576,-0.000279,0.000161,-1.769169,0.000847,30,7281.566129
732,0.233453,0.276879,0.000452,0.000222,-1.767096,0.000159,30,7289.177951
733,0.230676,0.279656,-0.003506,0.000071,-1.765191,0.000267,30,7296.709990
734,0.234419,0.275913,-0.000475,0.000149,-1.764050,0.000257,30,7304.212917
735,0.243653,0.266679,0.003305,0.000107,-1.762024,0.000501,30,7311.553072
736,0.248220,0.262112,-0.000406,0.000077,-1.759193,0.000175,30,7318.774776
737,0.246196,0.264136,0.004374,0.000181,-1.756570,0.000122,30,7326.614324
738,0.265555,0.244777,-0.001649,0.000537,-1.753991,0.000234,30,7334.531737
739,0.270755,0.239577,-0.001887,0.000155,-1.751924,0.000477,30,7342.644134
740,0.234181,0.276151,-0.001835,0.000398,-1.750050,0.000174,30,7350.110527
741,0.225810,0.284522,-0.000661,0.000164,-1.747966,0.001947,30,7356.161909
742,0.209060,0.301272,0.000253,0.000188,-1.745912,0.000108,30,7365.880932
743,0.207074,0.303258,0.003430,0.000087,-1.743554,0.000033,30,7374.920307
744,0.203950,0.306382,0.001629,0.000072,-1.741002,0.000219,30,7383.360091
745,0.210108,0.300223,-0.004002,0.000111,-1.738488,0.000092,30,7390.371103
746,0.209157,0.301175,0.002345,0.000078,-1.736694,0.000204,30,7397.413011
747,0.198460,0.311872,-0.000757,0.000140,-1.734986,0.000342,30,7404.451656
748,0.201895,0.308437,0.003680,0.000068,-1.733074,0.000794,30,7411.261242
749,0.216897,0.293434,-0.002197,0.000109,-1.730322,0.000726,30,7418.325455
750,0.214257,0.296075,-0.001483,0.000087,-1.728013,0.000056,30,7425.168611
751,0.207821,0.302511,0.000527,0.000108,-1.725791,0.000040,30,7431.288553
752,0.211353,0.298979,-0.001774,0.000090,-1.724986,0.000242,30,7437.466870
753,0.211639,0.298693,0.000832,0.000095,-1.724496,0.000350,30,7443.700984
754,0.215912,0.294420,0.004755,0.000162,-1.723002,0.000155,30,7450.180571
755,0.208166,0.302166,0.000530,0.000176,-1.720470,0.000262,30,7456.700459
756,0.202328,0.308004,0.004947,0.000083,-1.717863,0.001292,30,7462.671578
757,0.267598,0.242734,-0.004174,0.001032,-1.716617,0.000466,30,7469.131291
758,0.198493,0.311839,-0.000272,0.001026,-1.715751,0.000183,30,7475.607226
759,0.195409,0.314923,-0.005029,0.000124,-1.713877,0.000190,30,7481.814413
760,0.209168,0.301164,-0.001897,0.000082,-1.712975,0.003190,25,7487.802576
761,0.246174,0.264157,0.000766,0.000318,-1.711862,0.000424,30,7493.920996
762,0.220510,0.289822,-0.001281,0.000205,-1.710498,0.000927,30,7500.316555
763,0.235063,0.275269,0.003610,0.000103,-1.708743,0.000107,30,7506.714569
764,0.244015,0.266317,-0.002810,0.000243,-1.706740,0.000387,30,7513.008590
765,0.218322,0.292009,-0.001211,0.000178,-1.705241,0.002535,30,7519.261100
766,0.266631,0.243701,0.002448,0.000616,-1.704133,0.000083,30,7525.745256
767,0.228465,0.281866,-0.004229,0.000385,-1.702684,0.003016,24,7532.061048
768,0.229156,0.281176,0.001615,0.000086,-1.700780,0.000857,30,7538.440336
769,0.220159,0.290173,0.001161,0.000072,-1.698220,0.000296,30,7545.031837
770,0.218330,0.292002,-0.003676,0.000110,-1.695660,0.000097,30,7551.566907
771,0.213138,0.297194,-0.003765,0.000073,-1.694176,0.000042,30,7557.737578
772,0.215014,0.295318,0.001941,0.000087,-1.692526,0.000109,30,7563.913313
773,0.209361,0.300971,-0.002391,0.000072,-1.690481,0.000312,30,7570.092258
774,0.225611,0.284721,0.002763,0.000139,-1.687952,0.000116,30,7576.502377
775,0.214523,0.295809,0.003395,0.000151,-1.685571,0.000064,30,7582.621959
776,0.216187,0.294145,-0.001328,0.000117,-1.682990,0.000163,30,7589.001418
777,0.218727,0.291605,-0.004629,0.000199,-1.681702,0.000125,30,7594.834007
778,0.206041,0.304291,-0.000181,0.000157,-1.680763,0.000517,30,7600.869495
779,0.198719,0.311613,-0.004554,0.000169,-1.679416,0.000054,30,7607.254024
780,0.192596,0.317736,-0.002127,0.000098,-1.678356,0.000075,30,7613.685644
781,0.201262,0.309070,-0.000846,0.000172,-1.676671,0.000231,30,7619.744854
782,0.199548,0.310784,-0.004766,0.000037,-1.674461,0.000116,30,7625.892813
783,0.195613,0.314719,0.000791,0.000210,-1.673045,0.000024,30,7632.447967
784,0.198298,0.312034,-0.000950,0.000140,-1.671334,0.000091,30,7638.940618
785,0.189611,0.320721,-0.000169,0.000066,-1.670324,0.000066,30,7644.913442
786,0.190365,0.319967,0.003828,0.000105,-1.667944,0.000090,30,7650.941576
787,0.188906,0.321426,0.001955,0.000122,-1.665113,0.000032,30,7657.589951
788,0.188988,0.321344,-0.004963,0.000054,-1.662751,0.000078,30,7665.529190
789,0.195832,0.314500,-0.005244,0.000244,-1.661605,0.000598,30,7673.331709
790,0.202776,0.307556,-0.000223,0.000131,-1.660820,0.000219,30,7680.541536
791,0.199276,0.311056,-0.003645,0.000153,-1.659057,0.000244,30,7687.273294
792,0.191575,0.318757,-0.001983,0.000179,-1.657368,0.000154,30,7693.561594
793,0.190062,0.320270,0.001729,0.000058,-1.655805,0.000358,30,7699.877293
794,0.223011,0.287321,0.001648,0.000284,-1.653874,0.000296,30,7706.446408
795,0.228154,0.282178,-0.003835,0.000354,-1.652439,0.001520,30,7713.043341
796,0.191366,0.318966,-0.000768,0.000341,-1.650983,0.000649,30,7719.489171
797,0.199713,0.310619,-0.001227,0.000206,-1.649439,0.000752,30,7726.028203
798,0.187644,0.322688,0.001179,0.000101,-1.648158,0.000059,30,7733.309493
799,0.195425,0.314906,0.001562,0.000035,-1.646028,0.000164,30,7746.478146
800,0.198757,0.311575,-0.001443,0.000187,-1.644318,0.001401,30,7755.065862
801,0.200007,0.310325,0.000533,0.000148,-1.642238,0.000191,30,7767.038602
802,0.190614,0.319718,0.000216,0.000068,-1.640569,0.000198,30,7776.204292
803,0.192065,0.318267,-0.000423,0.000128,-1.638328,0.000062,30,7784.746532
804,0.189598,0.320734,-0.001597,0.000143,-1.636045,0.000338,30,7792.898875
805,0.200259,0.310073,-0.001882,0.000137,-1.634193,0.000232,30,7802.183606
806,0.197043,0.313289,-0.000708,0.000070,-1.632455,0.000106,30,7810.203839
807,0.213960,0.296372,-0.002012,0.000122,-1.630983,0.000109,30,7817.610246
808,0.211328,0.299004,-0.000276,0.000096,-1.629302,0.000069,30,7825.149344
809,0.207415,0.302917,0.002568,0.000165,-1.628045,0.001981,30,7832.701365
810,0.241887,0.268445,-0.001249,0.000389,-1.626879,0.000160,30,7840.553412
811,0.257294,0.253038,0.001085,0.000405,-1.625282,0.000240,30,7847.829238
812,0.209337,0.300995,-0.002313,0.000581,-1.623532,0.000014,30,7855.706925
813,0.215738,0.294594,0.000948,0.000111,-1.621530,0.000124,30,7863.312449
814,0.206436,0.303896,-0.002627,0.000169,-1.619706,0.000817,30,7871.091869
815,0.195369,0.314963,-0.000570,0.000155,-1.618126,0.000075,30,7878.886195
816,0.193929,0.316402,-0.002073,0.000093,-1.616525,0.000075,30,7886.667465
817,0.187688,0.322644,-0.002493,0.000112,-1.614645,0.000095,30,7894.349451
818,0.186383,0.323949,-0.003150,0.000116,-1.612485,0.001063,30,7902.029420
819,0.209533,0.300799,-0.000321,0.000141,-1.610680,0.000110,30,7910.295513
820,0.216968,0.293364,0.001232,0.000262,-1.608550,0.000073,30,7918.136692
821,0.214496,0.295836,-0.000197,0.000142,-1.606498,0.000682,30,7926.045663
822,0.197131,0.313201,0.005381,0.000177,-1.604263,0.000079,30,7933.871332
823,0.192464,0.317868,0.000496,0.000115,-1.601527,0.000396,30,7941.515868
824,0.195881,0.314451,0.000003,0.000116,-1.599546,0.000244,30,7949.335209
825,0.197685,0.312647,0.002113,0.000135,-1.597878,0.000034,30,7957.543162
826,0.186864,0.323468,-0.003365,0.000160,-1.596038,0.000153,30,7965.011385
827,0.199909,0.310423,0.001663,0.000165,-1.594482,0.000580,30,7972.419007
828,0.215120,0.295212,-0.002059,0.000099,-1.592999,0.000083,30,7980.569726
829,0.211612,0.298720,0.002525,0.000100,-1.591281,0.000307,30,7989.299089
830,0.201389,0.308943,0.001003,0.000086,-1.589071,0.000578,30,7997.325919
831,0.193629,0.316703,0.002302,0.000126,-1.586635,0.000099,30,8005.470813
832,0.181175,0.329157,-0.001111,0.000171,-1.585084,0.000037,30,8013.164533
833,0.184548,0.325784,-0.003921,0.000037,-1.583387,0.000022,30,8020.418567
834,0.183661,0.326671,0.002903,0.000042,-1.581382,0.000059,30,8028.090522
835,0.187687,0.322645,0.001407,0.000046,-1.579070,0.000596,30,8035.490198
836,0.186487,0.323845,-0.000178,0.000104,-1.577565,0.000299,30,8043.530007
837,0.194557,0.315775,-0.001209,0.000042,-1.576614,0.000110,30,8051.238075
838,0.200430,0.309902,-0.000752,0.000118,-1.575386,0.000065,30,8059.002487
839,0.194514,0.315817,0.000555,0.000069,-1.573465,0.000387,30,8066.537068
840,0.217282,0.293049,-0.000101,0.000149,-1.571200,0.000120,30,8074.228094
841,0.226307,0.284025,-0.001310,0.000022,-1.568878,0.000129,30,8081.844137
842,0.242590,0.267742,-0.003088,0.000076,-1.567084,0.002228,30,8088.082271
843,0.266017,0.244314,-0.002237,0.000144,-1.565950,0.001611,30,8095.429183
844,0.259037,0.251295,-0.001250,0.000154,-1.564512,0.001104,30,8104.312323
845,0.253361,0.256970,-0.002391,0.000610,-1.563313,0.001500,30,8114.390624
846,0.191172,0.319160,-0.000309,0.000754,-1.561596,0.000115,30,8127.990608
847,0.188173,0.322158,0.003420,0.000133,-1.559721,0.000593,30,8137.339195
848,0.211972,0.298360,0.004646,0.000278,-1.557520,0.000330,30,8152.477208
849,0.218235,0.292097,0.000875,0.000162,-1.555311,0.001601,30,8167.177177
850,0.248042,0.262290,0.001712,0.000299,-1.553276,0.000251,30,8182.248536
851,0.258460,0.251872,-0.005725,0.000171,-1.551586,0.001204,30,8197.541176
852,0.245126,0.265206,0.001593,0.000262,-1.550195,0.000935,30,8213.121903
853,0.300316,0.210016,-0.003108,0.000933,-1.547745,0.000590,30,8228.508408
854,0.224704,0.285628,-0.006081,0.001253,-1.546644,0.001895,25,8243.512763
855,0.322782,0.187550,-0.000791,0.001701,-1.546741,0.002642,30,8255.487147
856,0.488479,0.021852,-0.002005,0.006550,-1.545737,0.000059,30,8270.369318
857,0.458244,0.052088,0.001551,0.000531,-1.543862,0.000558,30,8283.881643
858,0.336515,0.173817,-0.006795,0.005283,-1.542724,0.003030,21,8296.518211
859,0.352912,0.157420,0.001104,0.000575,-1.542758,0.000219,30,8308.165227
860,0.498082,0.012250,0.003771,0.006122,-1.540626,0.000072,30,8318.282004
861,0.322700,0.187632,-0.004788,0.008275,-1.538621,0.001314,30,8328.496755
862,0.365096,0.145236,-0.001164,0.001833,-1.538045,0.000301,30,8338.341146
863,0.409093,0.101239,-0.002174,0.001151,-1.536419,0.000189,30,8348.334495
864,0.317200,0.193132,0.005511,0.002680,-1.534917,0.000008,30,8357.707092
865,0.327058,0.183273,0.002208,0.000503,-1.532373,0.000017,30,8367.945040
866,0.312687,0.197645,0.002431,0.000325,-1.530080,0.000057,30,8378.263019
867,0.309355,0.200977,-0.001549,0.000276,-1.528207,0.000078,30,8388.793951
868,0.306469,0.203863,0.001584,0.000436,-1.526201,0.000255,30,8401.308486
869,0.387539,0.122793,-0.002024,0.002274,-1.524385,0.000126,30,8412.780354
870,0.330590,0.179742,-0.001131,0.001616,-1.522661,0.000389,30,8425.103461
871,0.318766,0.191566,-0.000352,0.000525,-1.520797,0.000149,30,8436.423076
872,0.347459,0.162873,0.000507,0.000624,-1.518563,0.000134,30,8446.594403
873,0.313588,0.196744,-0.000130,0.001034,-1.516496,0.000179,30,8456.911350
874,0.372758,0.137574,-0.006709,0.001874,-1.515056,0.000382,30,8467.437136
875,0.326481,0.183851,-0.001268,0.001083,-1.513813,0.000341,30,8477.692122
876,0.396262,0.114070,-0.001473,0.002023,-1.511750,0.000028,30,8487.632604
877,0.408107,0.102225,0.002462,0.000899,-1.509417,0.000181,30,8497.999662
878,0.316515,0.193817,0.005000,0.002883,-1.507031,0.000218,30,8508.181721
879,0.304290,0.206041,-0.001491,0.000167,-1.504789,0.000284,30,8519.108655
880,0.356094,0.154238,-0.003978,0.001191,-1.503165,0.000133,30,8528.973684
881,0.341751,0.168581,0.000223,0.000657,-1.501249,0.000012,30,8538.838218
882,0.338672,0.171660,0.002949,0.000318,-1.499525,0.000102,30,8548.006768
883,0.341539,0.168793,0.000102,0.000091,-1.497201,0.000039,30,8558.902386
884,0.340612,0.169719,-0.003405,0.000722,-1.495413,0.000033,30,8568.141801
885,0.350875,0.159457,-0.001935,0.000657,-1.493572,0.000045,30,8577.662455
886,0.321577,0.188755,-0.002207,0.000647,-1.491473,0.000591,30,8588.402046
887,0.435254,0.075078,-0.005302,0.004982,-1.489940,0.000088,30,8600.101766
888,0.325409,0.184923,-0.007693,0.005737,-1.489032,0.002237,26,8611.213075
889,0.502619,0.007713,0.004328,0.011472,-1.488665,0.000204,30,8621.991889
890,0.494320,0.016012,-0.004094,0.000619,-1.486457,0.002095,29,8632.062179
891,0.366810,0.143522,-0.000445,0.004629,-1.486543,0.002182,30,8643.446581
892,1.558886,-1.048554,0.004851,1.050294,-1.485011,0.000243,30,8655.609833
893,0.949908,-0.439576,-0.007131,0.030303,-1.483304,0.002566,25,8666.398034
894,0.521169,-0.010837,0.004821,0.051768,-1.483867,0.000549,30,8677.121971
895,0.612053,-0.101721,0.002895,0.005069,-1.482092,0.000008,30,8687.902001
896,0.605140,-0.094808,0.003277,0.000871,-1.479660,0.000003,30,8698.355862
897,0.586404,-0.076072,0.001261,0.000738,-1.477165,0.000031,30,8709.106298
898,0.554010,-0.043678,0.003048,0.001386,-1.474834,0.000016,30,8720.486404
899,0.535640,-0.025308,0.000540,0.001004,-1.472469,0.000120,30,8732.113062
900,0.455631,0.054701,0.002919,0.004168,-1.470453,0.000244,30,8743.113166
901,0.412021,0.098311,-0.004123,0.001881,-1.468815,0.000009,30,8754.110254
902,0.406808,0.103524,-0.001712,0.000952,-1.467493,0.000015,30,8765.688031
903,0.407681,0.102651,0.001847,0.001481,-1.465899,0.000007,30,8776.106697
904,0.417520,0.092811,-0.001161,0.000393,-1.463824,0.000015,30,8786.916744
905,0.415893,0.094439,-0.001254,0.000847,-1.462277,0.000049,30,8797.914771
906,0.414518,0.095813,-0.001335,0.000419,-1.461475,0.000065,30,8808.976880
907,0.428864,0.081468,-0.002823,0.001251,-1.460005,0.000007,30,8819.505759
908,0.410809,0.099522,-0.001560,0.001006,-1.458656,0.000021,30,8830.645529
909,0.423264,0.087068,0.002224,0.000329,-1.457208,0.000097,30,8842.607092
910,0.427945,0.082387,-0.002018,0.000338,-1.455238,0.000007,30,8853.162385
911,0.412645,0.097687,0.001091,0.000639,-1.453505,0.000147,30,8863.260037
912,0.416816,0.093516,-0.003785,0.000919,-1.452073,0.000011,30,8874.020780
913,0.433576,0.076756,0.003634,0.000692,-1.450232,0.000044,30,8884.292964
914,0.405816,0.104516,0.001224,0.000926,-1.448134,0.000004,30,8893.749570
915,0.412889,0.097442,-0.000259,0.000685,-1.446219,0.000055,30,8904.328743
916,0.413530,0.096802,0.001110,0.000620,-1.444125,0.000006,30,8916.638264
917,0.401605,0.108727,0.003326,0.000834,-1.442398,0.000020,30,8927.754003
918,0.412983,0.097349,0.001225,0.000506,-1.440111,0.000034,30,8937.439010
919,0.426884,0.083448,0.001569,0.000636,-1.438093,0.000011,30,8948.451339
920,0.416809,0.093523,0.002643,0.001338,-1.436154,0.000006,30,8959.303839
921,0.428496,0.081836,0.000045,0.000556,-1.434283,0.000009,30,8970.167526
922,0.410326,0.100006,-0.003330,0.000936,-1.432643,0.000175,30,8981.287871
923,0.447291,0.063041,0.002297,0.001192,-1.431406,0.000016,30,8992.076260
924,0.414308,0.096024,0.002316,0.001128,-1.429499,0.000070,30,9001.825867
925,0.398088,0.112244,-0.003040,0.000470,-1.427969,0.000030,30,9012.975524
926,0.388877,0.121455,0.001138,0.000393,-1.426834,0.000009,30,9024.521645
927,0.396074,0.114257,0.001565,0.000772,-1.424958,0.000004,30,9036.997784
928,0.404494,0.105838,0.000885,0.001041,-1.422880,0.000015,30,9048.578244
929,0.390740,0.119591,-0.003908,0.000974,-1.421129,0.000005,30,9060.712778
930,0.396575,0.113757,-0.001114,0.000633,-1.419634,0.000163,30,9071.883361
931,0.407209,0.103123,-0.003101,0.000775,-1.417836,0.000011,30,9078.090288
932,0.379322,0.131010,0.006519,0.001113,-1.416012,0.000021,30,9082.600643
933,0.385763,0.124569,0.003461,0.000503,-1.413255,0.000008,30,9086.843671
934,0.374668,0.135664,0.001801,0.000307,-1.410810,0.000094,30,9090.652176
935,0.366272,0.144060,-0.001230,0.000329,-1.408341,0.000048,30,9094.427335
936,0.400450,0.109882,-0.000043,0.000606,-1.406563,0.000031,30,9098.034576
937,0.426428,0.083903,-0.000468,0.001940,-1.404613,0.000227,30,9101.693418
938,0.371199,0.139133,-0.001284,0.001760,-1.403225,0.000138,30,9105.295023
939,0.365479,0.144853,0.002392,0.001205,-1.401384,0.000053,30,9108.848982
940,0.370283,0.140049,0.003595,0.000327,-1.399457,0.000048,30,9112.448477
941,0.346195,0.164137,-0.002730,0.000400,-1.397441,0.000034,30,9116.059167
942,0.356599,0.153733,0.000553,0.000362,-1.395474,0.000004,30,9119.634019
943,0.368112,0.142220,0.004364,0.000565,-1.393349,0.000033,30,9123.312955
944,0.360552,0.149780,0.000898,0.000522,-1.391036,0.000063,30,9126.744299
945,0.343228,0.167104,0.002775,0.000536,-1.388733,0.000156,30,9130.189069
946,0.349302,0.161029,0.002952,0.000461,-1.386787,0.000195,30,9133.673162
947,0.321825,0.188506,0.002050,0.000559,-1.384604,0.000034,30,9137.500259
948,0.330172,0.180160,-0.002049,0.000500,-1.382486,0.000249,30,9142.089632
949,0.325405,0.184927,0.001992,0.000754,-1.380758,0.000139,30,9146.576887
950,0.295542,0.214790,-0.003348,0.000447,-1.378893,0.000028,30,9151.038125
951,0.307290,0.203042,0.000955,0.000323,-1.377136,0.000085,30,9154.445518
952,0.332318,0.178014,0.000954,0.000437,-1.375203,0.000067,30,9157.928205
953,0.291548,0.218783,0.001297,0.001240,-1.373182,0.000011,30,9162.473894
954,0.289609,0.220723,-0.002663,0.000220,-1.371227,0.000036,30,9167.008261
955,0.304506,0.205826,-0.002259,0.000397,-1.369806,0.000034,30,9171.511276
956,0.303570,0.206762,0.004057,0.000987,-1.368273,0.000562,30,9176.008181
957,0.291130,0.219201,0.002956,0.000250,-1.366250,0.000014,30,9180.501113
958,0.276560,0.233772,-0.000796,0.000434,-1.364046,0.000090,30,9184.984747
959,0.274259,0.236073,-0.002197,0.000242,-1.362321,0.000007,30,9189.505945
960,0.296410,0.213922,0.002728,0.000795,-1.360640,0.000795,30,9194.018077
961,0.272459,0.237873,0.000482,0.000388,-1.358594,0.000192,30,9198.447752
962,0.270153,0.240179,-0.000890,0.000264,-1.356718,0.000063,30,9202.812870
963,0.288577,0.221755,-0.003537,0.000804,-1.355075,0.000745,30,9206.621006
964,0.288560,0.221772,-0.000347,0.000580,-1.353639,0.001304,30,9210.952799
965,0.283617,0.226715,0.002600,0.000449,-1.352112,0.000323,30,9214.901797
966,0.255409,0.254922,0.002158,0.000416,-1.350107,0.000075,30,9219.481826
967,0.244705,0.265627,-0.004562,0.000326,-1.348145,0.000015,30,9223.330471
968,0.248006,0.262326,-0.002337,0.000356,-1.346812,0.000147,30,9226.815878
969,0.260704,0.249628,-0.001321,0.000365,-1.345414,0.000493,30,9230.220545
970,0.272071,0.238261,0.001927,0.000269,-1.343722,0.000107,30,9233.697988
971,0.248646,0.261686,-0.002749,0.000457,-1.342011,0.000047,30,9237.251247
972,0.248926,0.261406,-0.002210,0.000386,-1.340691,0.000263,30,9241.449559
973,0.268025,0.242307,-0.005624,0.001201,-1.339561,0.000973,30,9245.656299
974,0.268916,0.241416,-0.000103,0.000372,-1.338959,0.000022,30,9249.907414
975,0.314559,0.195773,-0.001246,0.000699,-1.337628,0.000365,30,9254.171538
976,0.226959,0.283373,-0.001403,0.001910,-1.336225,0.001685,30,9258.166782
977,0.311001,0.199331,0.001192,0.002586,-1.335329,0.000461,30,9261.691364
978,0.254433,0.255899,-0.001202,0.001112,-1.333923,0.001023,30,9265.311294
979,0.320847,0.189485,0.001789,0.001357,-1.332461,0.000087,30,9268.988976
980,0.295229,0.215103,-0.004687,0.000414,-1.330943,0.000185,30,9272.482942
981,0.247939,0.262393,0.002507,0.000536,-1.329708,0.000183,30,9276.019754
982,0.257780,0.252552,0.002195,0.000322,-1.327542,0.000010,30,9279.762209
983,0.250691,0.259640,-0.006493,0.000183,-1.325584,0.000369,30,9283.373133
984,0.252936,0.257396,-0.001180,0.000049,-1.324445,0.000004,30,9286.859342
985,0.251648,0.258684,0.002255,0.000115,-1.322793,0.000075,30,9290.473214
986,0.241424,0.268908,-0.003422,0.000163,-1.321105,0.000224,30,9294.068183
987,0.261251,0.249081,-0.003217,0.000299,-1.319657,0.000129,30,9297.731324
988,0.235788,0.274544,0.000123,0.000264,-1.318108,0.000009,30,9301.450334
989,0.241527,0.268804,0.001255,0.000103,-1.316299,0.000046,30,9304.868161
990,0.236660,0.273672,-0.000653,0.000102,-1.314442,0.000036,30,9308.371474
991,0.246886,0.263446,-0.003572,0.000143,-1.312794,0.000389,30,9311.915890
992,0.269846,0.240486,-0.001304,0.000202,-1.311920,0.000102,30,9315.427805
993,0.241962,0.268370,0.001602,0.000294,-1.310001,0.000045,30,9318.981386
994,0.252381,0.257951,-0.000957,0.000136,-1.308000,0.000008,30,9322.768307
995,0.257697,0.252635,-0.002653,0.000217,-1.306214,0.000482,30,9326.297911
996,0.263148,0.247184,-0.001592,0.000382,-1.304743,0.000100,30,9329.824107
997,0.217865,0.292467,-0.000202,0.000538,-1.303551,0.000019,30,9333.385375
998,0.215877,0.294455,-0.000345,0.000129,-1.301953,0.000006,30,9336.882850
999,0.211152,0.299180,-0.000230,0.000061,-1.300577,0.000036,30,9340.307955
1000,0.219581,0.290751,-0.001005,0.000090,-1.298914,0.000011,30,9343.716255
1001,0.215720,0.294612,-0.001471,0.000161,-1.297152,0.000038,30,9347.167983
1002,0.215173,0.295159,0.001459,0.000078,-1.295314,0.000038,30,9350.667553
1003,0.221878,0.288454,-0.003471,0.000089,-1.293340,0.000027,30,9354.433901
1004,0.226693,0.283639,0.002251,0.000138,-1.291766,0.000533,30,9358.020889
1005,0.327653,0.182679,-0.002993,0.003991,-1.290116,0.000475,30,9361.455701
1006,0.224039,0.286293,-0.002873,0.003384,-1.289051,0.001310,29,9365.819686
1007,0.615348,-0.105016,0.000954,0.062058,-1.288024,0.001121,30,9370.311694
1008,0.299143,0.211189,-0.002218,0.062119,-1.286355,0.001696,21,9374.780665
1009,0.213374,0.296958,-0.001393,0.017448,-1.285978,0.002921,19,9378.747332
1010,0.364498,0.145834,-0.002755,0.010396,-1.286048,0.002016,30,9382.140988
1011,0.444079,0.066252,-0.000065,0.002499,-1.286011,0.000141,30,9385.604457
1012,0.760647,-0.250315,0.000905,0.055231,-1.284712,0.000086,30,9389.028814
1013,1.947958,-1.437626,0.005062,0.888999,-1.282488,0.000304,30,9392.457604
1014,0.918926,-0.408594,-0.007434,0.602024,-1.280375,0.000844,30,9395.940122
1015,0.753897,-0.243565,-0.000736,0.078468,-1.281004,0.000579,30,9399.458503
1016,0.902651,-0.392319,-0.003403,0.014649,-1.281053,0.000077,30,9402.964309
1017,0.920547,-0.410215,0.002832,0.002064,-1.279921,0.000004,30,9406.491778
1018,0.926584,-0.416253,-0.000141,0.000981,-1.277944,0.000003,30,9410.061579
1019,0.921610,-0.411278,-0.002486,0.001023,-1.276668,0.000006,30,9413.635099
1020,0.911295,-0.400963,0.004719,0.000960,-1.275441,0.000007,30,9417.287951
1021,0.901071,-0.390739,-0.002788,0.000894,-1.273776,0.000007,30,9420.865558
1022,0.891719,-0.381387,0.000450,0.000709,-1.272487,0.000004,30,9424.379159
1023,0.883682,-0.373350,0.000089,0.000703,-1.270853,0.000006,30,9427.898753
1024,0.871202,-0.360870,0.001769,0.001074,-1.269193,0.000010,30,9431.471497
1025,0.863708,-0.353376,-0.002989,0.000822,-1.267249,0.000012,30,9434.983515
1026,0.844274,-0.333942,0.004232,0.000934,-1.265617,0.000018,30,9438.571311
1027,0.806733,-0.296401,-0.001995,0.001482,-1.263628,0.000159,30,9442.328219
1028,0.692240,-0.181908,-0.001902,0.006545,-1.262528,0.000331,30,9445.963905
1029,0.492634,0.017698,-0.002765,0.023529,-1.261014,0.001833,26,9449.507101
1030,0.311597,0.198734,-0.011342,0.046503,-1.260964,0.003262,12,9452.931131
1031,0.691054,-0.180722,-0.003365,0.056072,-1.261769,0.003800,8,9456.227884
1032,1.876262,-1.365930,0.000596,1.920296,-1.262500,0.003598,10,9459.636030
1033,3.259691,-2.749359,-0.003497,6.740393,-1.262581,0.003492,30,9463.167352
1034,3.567570,-3.057238,-0.005509,6.807824,-1.262779,0.001981,19,9466.648328
1035,2.314389,-1.804058,-0.003493,1.246767,-1.262841,0.003219,11,9470.040106
1036,1.620398,-1.110066,-0.012247,0.061646,-1.263309,0.003217,11,9473.432832
1037,1.414413,-0.904081,-0.009769,0.051085,-1.264372,0.003311,14,9476.889061
1038,3.613811,-3.103479,-0.006948,4.130384,-1.266025,0.003485,30,9480.728055
1039,13.078083,-12.567751,-0.003364,117.906313,-1.266589,0.000391,30,9484.547485
1040,11.141291,-10.630959,-0.001826,64.541780,-1.265883,0.000122,30,9488.540138
1041,6.661105,-6.150774,0.000927,6.953974,-1.264385,0.000021,30,9492.490315
1042,5.129336,-4.619004,0.001709,0.465461,-1.262590,0.000120,30,9497.040061
1043,1.914331,-1.404000,-0.001655,9.997922,-1.261069,0.000174,30,9501.526276
1044,0.471827,0.038504,-0.004616,16.394134,-1.259991,0.000488,30,9505.321506
1045,0.212693,0.297639,-0.012164,14.191386,-1.260266,0.002461,20,9509.031586
1046,0.199742,0.310590,-0.020425,11.332674,-1.262240,0.002985,17,9512.690490
1047,0.342328,0.168004,-0.007112,8.208090,-1.264340,0.003169,14,9516.410742
1048,0.818981,-0.308649,-0.019931,4.400144,-1.265890,0.003574,13,9520.047837
1049,1.932143,-1.421811,-0.016398,0.600690,-1.267234,0.002786,10,9523.687688
1050,3.975107,-3.464776,-0.016956,2.410743,-1.268129,0.003645,10,9527.389018
1051,7.117451,-6.607119,-0.013496,21.384862,-1.268830,0.004163,10,9531.185417
1052,11.344820,-10.834487,-0.015250,75.559969,-1.269436,0.002945,9,9534.825066
1053,16.648526,-16.138194,-0.025055,190.649431,-1.269947,0.003520,10,9538.711270
1054,22.687594,-22.177262,-0.000428,387.510236,-1.270443,0.003677,10,9543.613049
1055,25.423558,-24.913226,-0.014279,491.990683,-1.270872,0.003065,10,9548.012440
1056,23.772160,-23.261828,-0.007489,414.165045,-1.271304,0.003225,10,9552.054440
1057,22.641047,-22.130715,-0.018012,360.547906,-1.271747,0.003701,10,9555.728730
1058,21.087236,-20.576904,-0.006124,297.617102,-1.272268,0.003138,10,9559.401512
1059,19.009488,-18.499156,-0.000609,225.792071,-1.272737,0.003691,11,9563.200779
1060,15.240528,-14.730195,-0.005204,121.313808,-1.273054,0.002533,11,9566.920560
1061,13.271305,-12.760973,-0.003924,78.276042,-1.273451,0.003896,21,9570.787516
1062,6.157308,-5.646976,-0.002114,2.492671,-1.273560,0.002168,30,9574.827207
1063,6.573707,-6.063375,0.002327,5.346744,-1.273246,0.000870,30,9578.832894
1064,2.714160,-2.203829,-0.003034,9.660404,-1.272153,0.001074,30,9582.894918
1065,1.469438,-0.959106,-0.005556,15.362302,-1.272221,0.002903,25,9586.855089
1066,1.446165,-0.935833,0.002320,13.087953,-1.272262,0.000754,30,9590.980797
1067,0.824551,-0.314219,-0.001625,14.077806,-1.271882,0.003111,30,9595.522610
1068,0.891497,-0.381165,-0.002711,10.877943,-1.272914,0.004220,23,9599.622115
1069,1.001491,-0.491159,-0.006550,7.523584,-1.273974,0.004406,30,9604.003999
1070,1.384853,-0.874521,-0.008530,3.723263,-1.274849,0.004221,16,9608.417325
1071,2.558482,-2.048150,-0.002676,0.768683,-1.275777,0.004357,13,9612.908710
1072,3.044906,-2.534574,-0.002236,0.526897,-1.276320,0.004597,13,9617.449867
1073,3.705157,-3.194825,-0.004760,1.308594,-1.276565,0.001204,30,9622.033323
1074,4.065323,-3.554991,-0.000249,2.387031,-1.276435,0.002904,30,9626.435504
1075,4.656289,-4.145957,-0.004488,1.467283,-1.276553,0.001808,30,9630.765842
1076,5.130699,-4.620367,-0.004987,2.004426,-1.277001,0.001285,30,9635.212311
1077,4.123317,-3.612986,-0.004493,1.505405,-1.277156,0.001044,30,9639.566038
1078,2.604663,-2.094331,-0.007706,3.883378,-1.277664,0.004723,18,9643.793578
1079,3.334948,-2.824616,0.002498,1.061770,-1.278422,0.001777,30,9648.178891
1080,4.151395,-3.641063,-0.004671,0.515499,-1.278650,0.002514,30,9652.541324
1081,5.193739,-4.683407,-0.002886,1.402911,-1.278952,0.004356,8,9656.831645
1082,5.314962,-4.804631,-0.002769,1.800091,-1.279172,0.000974,30,9661.135541
1083,5.297074,-4.786742,-0.003665,2.334791,-1.279229,0.001336,30,9665.653830
1084,6.155419,-5.645087,-0.003279,3.003526,-1.279558,0.000811,30,9669.976789
1085,6.668604,-6.158272,-0.002651,2.438740,-1.279345,0.001030,30,9674.415722
1086,6.617401,-6.107069,-0.000850,2.655521,-1.279416,0.000824,30,9678.749937
1087,6.807055,-6.296723,0.001318,1.529576,-1.279253,0.001715,30,9683.039987
1088,7.357975,-6.847643,-0.002852,1.766995,-1.279051,0.000798,30,9687.427189
1089,7.043784,-6.533452,-0.004845,0.806561,-1.278831,0.001008,30,9691.733938
1090,7.179095,-6.668763,0.002143,2.005303,-1.278741,0.000985,30,9696.085085
1091,6.425897,-5.915565,0.002080,4.403687,-1.278447,0.001393,30,9700.578586
1092,5.804429,-5.294097,-0.001385,1.741462,-1.278270,0.001060,30,9704.939159
1093,4.251368,-3.741037,-0.005405,5.404326,-1.278465,0.001003,30,9709.335083
1094,5.566838,-5.056506,-0.001099,2.840687,-1.278751,0.001314,30,9713.672145
1095,5.639425,-5.129093,-0.002619,0.697893,-1.278828,0.000971,30,9718.029810
1096,4.599263,-4.088931,-0.001080,1.807997,-1.278611,0.000658,30,9722.370208
1097,4.828689,-4.318357,-0.002222,0.930602,-1.278354,0.000957,30,9726.699146
1098,4.551790,-4.041459,-0.001120,1.019167,-1.278191,0.000599,30,9731.273878
1099,4.513168,-4.002836,-0.002430,1.072231,-1.278147,0.001272,30,9735.882047
1100,3.722241,-3.211910,-0.001276,1.532911,-1.278011,0.001009,30,9740.883935
