episode,loss,reward,policy_loss,value_loss,entropy,kl,n_ppo_updates,lr,wall_time
1,0.003352,0.056817,0.000278,0.003728,-0.189067,0.001278,30,0.000100,8.816155
2,0.003305,0.069817,-0.000181,0.003229,-0.186089,0.003328,28,0.000100,16.983136
3,0.002833,0.202802,-0.000031,0.007864,-0.182624,0.001879,30,0.000100,24.760842
4,0.002503,0.295580,-0.000576,0.007016,-0.179347,0.003068,21,0.000100,33.242874
5,0.002108,0.406686,-0.000154,0.006639,-0.177390,0.004139,19,0.000100,42.387641
6,0.001817,0.488648,-0.000348,0.004366,-0.174986,0.005419,30,0.000100,52.002434
7,0.001617,0.544940,-0.000398,0.005845,-0.172755,0.002982,14,0.000100,60.989108
8,0.001432,0.597039,-0.000638,0.004744,-0.171371,0.003631,13,0.000100,69.382884
9,0.001242,0.650366,-0.000380,0.004479,-0.170173,0.003777,9,0.000100,77.907242
10,0.001207,0.660391,-0.000658,0.005843,-0.169127,0.004032,10,0.000100,86.472327
11,0.001147,0.677221,-0.000134,0.003381,-0.167289,0.003246,30,0.000100,95.406620
12,0.001260,0.645543,-0.000274,0.004040,-0.165145,0.003633,23,0.000100,104.007039
13,0.000956,0.731090,-0.000229,0.004924,-0.163595,0.002875,18,0.000100,112.382508
14,0.001146,0.677422,-0.000258,0.005005,-0.160973,0.004735,30,0.000100,120.242582
15,0.000975,0.725704,-0.000132,0.004513,-0.158683,0.003103,12,0.000100,127.748549
16,0.000875,0.753711,-0.000327,0.005523,-0.157747,0.003512,7,0.000100,134.562136
17,0.000609,0.828532,-0.000317,0.005501,-0.157159,0.004128,7,0.000100,141.614276
18,0.000542,0.847368,-0.000787,0.006713,-0.156511,0.003290,8,0.000100,148.510454
19,0.000464,0.869433,-0.000385,0.004291,-0.155695,0.004309,8,0.000100,155.929925
20,0.000294,0.917373,0.000105,0.004741,-0.154524,0.004086,13,0.000100,164.735809
21,0.000141,0.960384,-0.000299,0.002743,-0.152514,0.004415,21,0.000100,173.064524
22,0.000255,0.928191,-0.000325,0.004810,-0.150474,0.002790,17,0.000100,182.065386
23,0.000093,0.973709,-0.000004,0.002599,-0.148612,0.002183,22,0.000100,190.835752
24,0.000193,0.945705,0.000236,0.002729,-0.146748,0.004018,12,0.000100,199.061541
25,0.000369,0.896045,0.000060,0.005501,-0.145612,0.002843,8,0.000100,207.567271
26,0.000262,0.926209,0.000256,0.004371,-0.144846,0.003869,6,0.000100,215.655212
27,0.000168,0.952728,-0.000203,0.002327,-0.143924,0.004410,12,0.000100,224.186009
28,0.000227,0.936160,-0.000283,0.004664,-0.142574,0.002798,15,0.000100,232.757755
29,0.000125,0.964760,-0.000229,0.001914,-0.140432,0.005074,30,0.000100,241.991363
30,0.000216,0.939330,-0.000432,0.001826,-0.138425,0.003663,14,0.000100,250.702128
31,0.000238,0.932905,-0.000109,0.002899,-0.137199,0.003208,12,0.000100,259.473336
32,0.000118,0.966725,-0.000165,0.001300,-0.135475,0.005903,30,0.000100,268.459995
33,0.000161,0.954758,-0.000026,0.001448,-0.132624,0.003842,30,0.000100,277.204140
34,0.000106,0.970123,-0.000148,0.000593,-0.129715,0.003285,30,0.000100,286.760519
35,0.000328,0.907816,0.000044,0.005168,-0.127924,0.004046,8,0.000100,295.612239
36,0.000090,0.974800,0.000034,0.001803,-0.126075,0.004115,30,0.000100,304.162144
37,0.000117,0.966972,-0.000032,0.000554,-0.123020,0.002114,30,0.000100,312.926257
38,0.000137,0.961510,-0.000108,0.000398,-0.120547,0.002996,22,0.000100,321.575201
39,0.000362,0.898090,-0.000043,0.004094,-0.118861,0.003338,14,0.000100,330.243357
40,0.000158,0.955396,-0.000126,0.003666,-0.117785,0.003797,12,0.000100,339.100546
41,0.000185,0.947887,-0.000147,0.001343,-0.116000,0.003407,30,0.000100,347.929948
42,0.000147,0.958762,-0.000024,0.000395,-0.114035,0.003020,15,0.000100,356.727566
43,0.000195,0.945003,-0.000030,0.000402,-0.111746,0.003521,30,0.000100,365.340908
44,0.000451,0.873122,-0.001110,0.007230,-0.109857,0.004112,8,0.000100,373.868681
45,0.000217,0.938810,0.000195,0.003932,-0.108991,0.004461,12,0.000100,382.062998
46,0.000181,0.948943,-0.000082,0.000883,-0.107792,0.003063,14,0.000100,390.605640
47,0.000278,0.921861,-0.000075,0.002754,-0.106745,0.004109,8,0.000100,398.725456
48,0.000203,0.943003,-0.000012,0.000736,-0.105508,0.003950,18,0.000100,407.049630
49,0.000241,0.932206,-0.000000,0.000722,-0.103084,0.002645,30,0.000100,415.865923
50,0.000326,0.908174,-0.000182,0.001759,-0.100979,0.003122,13,0.000100,424.686449
51,0.000246,0.930772,-0.000080,0.000604,-0.099632,0.003509,16,0.000100,432.987696
52,0.000329,0.907432,-0.000349,0.001279,-0.098112,0.002837,17,0.000100,441.434409
53,0.000273,0.923271,-0.000050,0.000419,-0.096623,0.003419,19,0.000100,449.857154
54,0.000400,0.887454,-0.000083,0.003278,-0.095225,0.002504,10,0.000100,458.615499
55,0.000321,0.909640,-0.000075,0.001145,-0.094193,0.004648,12,0.000100,467.027508
56,0.000330,0.907003,-0.000062,0.000477,-0.093005,0.003432,13,0.000100,475.634688
57,0.000400,0.887499,-0.000193,0.000589,-0.091681,0.003711,15,0.000100,484.179346
58,0.000452,0.872710,-0.000385,0.001906,-0.090582,0.003600,9,0.000100,492.713583
59,0.000431,0.878633,-0.000275,0.001061,-0.089899,0.003517,6,0.000100,500.878241
60,0.000443,0.875392,-0.000159,0.000587,-0.089200,0.004571,10,0.000100,509.274092
61,0.000447,0.874198,-0.000120,0.000581,-0.088368,0.004789,7,0.000100,517.955002
62,0.000553,0.844399,-0.000084,0.002489,-0.087323,0.003554,14,0.000100,526.358597
63,0.000605,0.829837,0.000354,0.002629,-0.086283,0.003412,6,0.000100,534.902324
64,0.000451,0.873030,-0.000025,0.001296,-0.085454,0.004741,8,0.000100,543.319739
65,0.000607,0.829270,-0.000654,0.003927,-0.084586,0.003002,7,0.000100,551.959197
66,0.000512,0.855984,0.000112,0.002061,-0.083426,0.002230,12,0.000100,560.209971
67,0.000530,0.850802,-0.000067,0.001445,-0.081684,0.003878,19,0.000100,568.397251
68,0.000563,0.841670,0.000021,0.001688,-0.080173,0.002961,13,0.000100,577.319435
69,0.000517,0.854610,-0.000037,0.000620,-0.078175,0.004015,30,0.000100,586.685477
70,0.000531,0.850443,-0.000138,0.000690,-0.075266,0.002729,30,0.000100,595.604659
71,0.000530,0.850904,0.000054,0.001167,-0.072166,0.005135,30,0.000100,604.359837
72,0.000489,0.862497,0.000026,0.000207,-0.069860,0.002804,17,0.000100,612.633347
73,0.000777,0.781472,-0.000103,0.004982,-0.068508,0.002678,11,0.000100,620.891218
74,0.000621,0.825185,-0.000295,0.006981,-0.067675,0.004651,6,0.000100,628.910291
75,0.000605,0.829649,0.000224,0.001218,-0.067011,0.004843,9,0.000100,637.459800
76,0.000628,0.823331,-0.000153,0.001672,-0.066140,0.003600,10,0.000100,646.059028
77,0.000621,0.825363,-0.000273,0.000700,-0.065270,0.004122,8,0.000100,654.674868
78,0.000690,0.805711,-0.000158,0.003009,-0.064401,0.002601,11,0.000100,662.875348
79,0.000642,0.819366,-0.000034,0.000743,-0.063304,0.002791,17,0.000100,671.759816
80,0.000655,0.815575,-0.000066,0.001499,-0.061393,0.003359,30,0.000100,680.303298
81,0.000619,0.825817,-0.000094,0.000491,-0.060213,0.003417,10,0.000100,688.595362
82,0.000837,0.764425,0.000045,0.005774,-0.059507,0.003105,8,0.000100,696.589361
83,0.000654,0.815891,-0.000287,0.003828,-0.059035,0.004328,6,0.000100,704.817235
84,0.000625,0.823981,-0.000058,0.001066,-0.058108,0.002677,16,0.000100,713.504680
85,0.000620,0.825605,-0.000027,0.000437,-0.055759,0.004773,30,0.000100,722.623584
86,0.000624,0.824373,-0.000106,0.000409,-0.053352,0.002930,19,0.000100,731.200730
87,0.000703,0.802114,0.000104,0.001392,-0.051823,0.002353,14,0.000100,739.936061
88,0.000926,0.739385,-0.000378,0.003489,-0.050727,0.002899,9,0.000100,748.536847
89,0.000616,0.826663,-0.000044,0.003543,-0.049471,0.003220,18,0.000100,757.426897
90,0.000651,0.816688,0.000075,0.001439,-0.047989,0.002668,14,0.000100,765.636705
91,0.000613,0.827490,-0.000002,0.000569,-0.046699,0.002882,15,0.000099,774.369559
92,0.000681,0.808314,-0.000205,0.002375,-0.045413,0.003374,11,0.000099,782.622168
93,0.000712,0.799593,-0.000093,0.000807,-0.044239,0.003402,13,0.000099,791.252882
94,0.000695,0.804331,-0.000034,0.000687,-0.043171,0.003748,8,0.000099,799.350011
95,0.001075,0.697458,-0.000475,0.011288,-0.042392,0.003852,8,0.000099,807.481224
96,0.000732,0.793881,-0.000001,0.009252,-0.041767,0.004262,6,0.000099,816.187399
97,0.000743,0.790790,-0.000816,0.007617,-0.041348,0.003926,5,0.000099,824.276568
98,0.000851,0.760403,-0.000281,0.003163,-0.040869,0.002086,8,0.000099,832.717677
99,0.000661,0.814116,0.000129,0.000513,-0.040335,0.004438,5,0.000099,840.826193
100,0.000770,0.783216,-0.000192,0.001607,-0.039821,0.004266,7,0.000099,849.428751
101,0.001059,0.701874,-0.000018,0.006706,-0.038949,0.003508,15,0.000099,857.676861
102,0.000696,0.804115,-0.000147,0.004776,-0.037081,0.005345,30,0.000099,866.304300
103,0.000732,0.794110,-0.000119,0.000373,-0.034937,0.003106,18,0.000099,875.597047
104,0.000779,0.780649,-0.000159,0.001293,-0.033331,0.002617,15,0.000099,884.785493
105,0.000708,0.800785,-0.000072,0.000713,-0.031246,0.005937,30,0.000099,894.231040
106,0.000750,0.788892,-0.000018,0.000455,-0.028185,0.001392,30,0.000099,903.833563
107,0.000698,0.803702,-0.000229,0.000612,-0.025158,0.003714,30,0.000099,914.068914
108,0.000832,0.765745,-0.000204,0.001486,-0.023162,0.004165,9,0.000099,924.101116
109,0.000792,0.777146,-0.000032,0.001127,-0.021721,0.002374,19,0.000099,934.318798
110,0.000755,0.787498,-0.000129,0.000284,-0.019247,0.003998,30,0.000099,944.318428
111,0.000861,0.757626,-0.000356,0.002234,-0.017325,0.004182,9,0.000099,954.042880
112,0.000813,0.771101,-0.000039,0.001022,-0.015500,0.002139,30,0.000099,963.587287
113,0.000784,0.779368,-0.000120,0.001674,-0.013031,0.006288,30,0.000099,972.138084
114,0.000907,0.744708,-0.000427,0.002356,-0.011212,0.004191,8,0.000099,980.773661
115,0.000804,0.773855,-0.000140,0.004840,-0.010513,0.006330,5,0.000099,989.584271
116,0.000992,0.720966,-0.000523,0.003479,-0.009820,0.003636,8,0.000099,997.625758
117,0.000833,0.765499,-0.000323,0.004022,-0.009247,0.004587,4,0.000099,1006.250585
118,0.000749,0.789125,-0.000026,0.001113,-0.008168,0.006360,22,0.000099,1014.941730
119,0.000808,0.772585,-0.000137,0.001086,-0.006772,0.003233,9,0.000099,1023.027861
120,0.000859,0.758124,-0.000037,0.001469,-0.005015,0.003676,30,0.000099,1031.377589
121,0.000788,0.778363,-0.000070,0.000536,-0.003045,0.004973,15,0.000099,1039.594602
122,0.000797,0.775618,-0.000058,0.001633,-0.001661,0.003442,12,0.000099,1048.951784
123,0.000903,0.745737,0.000731,0.007595,-0.000861,0.004085,7,0.000099,1057.870030
124,0.000757,0.786943,-0.000592,0.002512,-0.000323,0.003202,7,0.000099,1066.951553
125,0.000869,0.755374,-0.000276,0.003957,0.000269,0.002910,10,0.000099,1076.059563
126,0.000806,0.773078,0.000110,0.003057,0.001032,0.004365,8,0.000099,1085.113628
127,0.000751,0.788546,0.000034,0.000614,0.002557,0.004063,24,0.000099,1094.770428
128,0.000829,0.766690,-0.000032,0.002012,0.004624,0.006082,17,0.000099,1103.922503
129,0.000868,0.755759,-0.000243,0.001193,0.005915,0.003931,15,0.000099,1112.901470
130,0.000767,0.784028,-0.000041,0.000663,0.008043,0.004094,30,0.000099,1122.434810
131,0.000765,0.784704,-0.000010,0.000478,0.011059,0.001317,30,0.000099,1132.744142
132,0.000817,0.770026,-0.000231,0.002009,0.013131,0.003227,12,0.000099,1142.634543
133,0.000922,0.740489,0.000246,0.002735,0.014073,0.002904,8,0.000099,1152.203150
134,0.000810,0.772057,0.000000,0.001411,0.014706,0.004268,6,0.000099,1161.650064
135,0.000898,0.747391,-0.000562,0.002522,0.015296,0.002553,7,0.000099,1170.989206
136,0.000895,0.748185,-0.000094,0.001491,0.015840,0.005479,5,0.000099,1179.763834
137,0.001096,0.691510,0.000085,0.003912,0.016573,0.002702,11,0.000099,1188.970313
138,0.000835,0.764960,0.000044,0.002926,0.018069,0.002565,23,0.000099,1198.583001
139,0.001022,0.712461,-0.000257,0.005661,0.019438,0.002868,7,0.000099,1207.591352
140,0.000925,0.739819,0.000096,0.002780,0.020012,0.004233,5,0.000099,1216.288758
141,0.000959,0.730231,-0.000059,0.003630,0.020655,0.003547,9,0.000099,1225.354377
142,0.000910,0.743884,-0.000199,0.002456,0.021295,0.005205,5,0.000099,1234.605358
143,0.000870,0.755150,-0.000202,0.001021,0.022414,0.005073,18,0.000099,1244.142859
144,0.000823,0.768253,-0.000038,0.000491,0.023800,0.004601,11,0.000099,1252.505208
145,0.000934,0.737251,0.000022,0.000934,0.025815,0.003726,30,0.000099,1257.157129
146,0.001406,0.604285,0.000223,0.013571,0.027855,0.003228,11,0.000099,1261.410829
147,0.000850,0.760707,-0.000077,0.016657,0.028938,0.004428,13,0.000099,1265.899442
148,0.000894,0.748413,-0.000080,0.002681,0.030488,0.004027,20,0.000099,1270.305534
149,0.001036,0.708531,-0.000022,0.003014,0.031901,0.002653,9,0.000099,1274.684834
150,0.000900,0.746773,-0.000155,0.003009,0.033012,0.004729,10,0.000099,1279.042271
151,0.000994,0.720352,0.000184,0.002776,0.034100,0.003898,9,0.000099,1283.394306
152,0.000859,0.758373,-0.000074,0.000924,0.034921,0.003615,8,0.000099,1287.774418
153,0.000889,0.749764,-0.000154,0.001425,0.036037,0.002741,13,0.000099,1292.189647
154,0.001008,0.716271,-0.000042,0.003857,0.037801,0.003583,21,0.000099,1296.818419
155,0.001051,0.704168,-0.000220,0.001922,0.039074,0.003537,8,0.000099,1301.091485
156,0.000944,0.734334,0.000190,0.003126,0.040077,0.003188,13,0.000099,1305.410351
157,0.001102,0.690007,-0.000071,0.004950,0.040988,0.004007,8,0.000099,1309.650901
158,0.000911,0.743711,0.000138,0.002016,0.041655,0.004559,6,0.000098,1313.913428
159,0.001098,0.690920,-0.000857,0.004643,0.042222,0.003957,7,0.000098,1318.148922
160,0.000928,0.738747,0.000193,0.002882,0.042755,0.005297,6,0.000098,1322.723786
161,0.000886,0.750765,-0.000057,0.001125,0.043787,0.003614,19,0.000098,1327.364220
162,0.000856,0.759183,-0.000067,0.001155,0.046205,0.005584,30,0.000098,1332.241301
163,0.000952,0.732014,-0.000018,0.001421,0.049287,0.003403,30,0.000098,1337.331527
164,0.000912,0.743445,0.000031,0.000571,0.051222,0.002829,12,0.000098,1342.003441
165,0.000899,0.746952,-0.000120,0.000333,0.053192,0.004982,25,0.000098,1346.736234
166,0.001399,0.606209,-0.001689,0.036057,0.054859,0.004929,6,0.000098,1351.275261
167,0.001006,0.716829,-0.000047,0.003336,0.055711,0.003873,20,0.000098,1355.998448
168,0.000945,0.733956,-0.000178,0.000894,0.056817,0.003615,11,0.000098,1360.833899
169,0.000925,0.739707,-0.000087,0.000684,0.057836,0.004005,11,0.000098,1365.736271
170,0.001007,0.716609,0.000299,0.003518,0.058882,0.003493,10,0.000098,1370.353662
171,0.001270,0.642514,-0.000518,0.009225,0.059732,0.003821,7,0.000098,1375.007336
172,0.000949,0.733070,0.000086,0.004615,0.060411,0.004825,9,0.000098,1379.655618
173,0.000896,0.747834,0.000002,0.001201,0.062275,0.004212,30,0.000098,1384.849776
174,0.001188,0.665773,-0.000560,0.011360,0.064028,0.003386,6,0.000098,1391.769983
175,0.000913,0.742968,-0.000276,0.002111,0.064938,0.003990,17,0.000098,1400.544031
176,0.000947,0.733530,-0.000256,0.001304,0.065948,0.004546,7,0.000098,1408.935523
177,0.001016,0.714145,-0.000295,0.004010,0.066657,0.002188,12,0.000098,1417.624239
178,0.000984,0.723137,0.000119,0.001010,0.067394,0.004939,8,0.000098,1425.912736
179,0.001223,0.655805,-0.000782,0.010410,0.068004,0.004697,5,0.000098,1434.294333
180,0.001070,0.698799,-0.000316,0.002185,0.068502,0.005855,4,0.000098,1442.536705
181,0.001258,0.645898,-0.000135,0.012605,0.068932,0.002880,7,0.000098,1450.925320
182,0.000974,0.726024,0.000033,0.004429,0.069380,0.004914,10,0.000098,1459.552410
183,0.001039,0.707704,-0.000244,0.001650,0.070259,0.003584,11,0.000098,1468.043196
184,0.001002,0.718011,-0.000028,0.000679,0.071576,0.004481,13,0.000098,1476.372545
185,0.001030,0.710260,0.000035,0.000884,0.073591,0.003175,30,0.000098,1484.986907
186,0.001075,0.697463,-0.000384,0.001607,0.075371,0.003251,14,0.000098,1493.570513
187,0.001038,0.707985,-0.000030,0.003744,0.076984,0.005157,30,0.000098,1502.343865
188,0.000945,0.734027,-0.000104,0.000724,0.078274,0.003808,12,0.000098,1510.736205
189,0.001081,0.695701,0.000115,0.004362,0.079298,0.003046,13,0.000098,1518.904529
190,0.001004,0.717566,-0.000023,0.001633,0.080370,0.002658,12,0.000098,1527.105291
191,0.000948,0.733310,-0.000142,0.000796,0.081385,0.004070,8,0.000098,1534.887906
192,0.001237,0.651838,-0.000398,0.010331,0.082186,0.003729,7,0.000098,1542.450008
193,0.001043,0.706396,-0.000400,0.001732,0.082820,0.003963,5,0.000098,1549.783148
194,0.001043,0.706426,0.000033,0.001401,0.084273,0.004101,22,0.000098,1557.960853
195,0.001022,0.712318,-0.000225,0.001466,0.086859,0.002149,30,0.000098,1566.019346
196,0.001064,0.700472,-0.000160,0.001642,0.088560,0.003137,13,0.000098,1573.860617
197,0.001017,0.713669,-0.000202,0.001171,0.089583,0.003412,13,0.000098,1581.673730
198,0.001024,0.711933,-0.000043,0.000501,0.090654,0.004019,11,0.000098,1589.558185
199,0.001105,0.688979,-0.000221,0.002554,0.091541,0.004206,7,0.000098,1597.286653
200,0.001051,0.704251,0.000087,0.000972,0.093156,0.003987,22,0.000098,1605.238324
201,0.001068,0.699481,-0.000098,0.000609,0.095695,0.004969,22,0.000098,1613.032919
202,0.001209,0.659725,-0.000938,0.016941,0.097217,0.007219,5,0.000098,1620.901728
203,0.001123,0.683953,-0.000075,0.003693,0.097918,0.004347,10,0.000098,1630.250949
204,0.001318,0.629123,0.000905,0.017377,0.098948,0.002950,9,0.000097,1639.480369
205,0.001072,0.698392,0.000082,0.003721,0.099671,0.005058,5,0.000097,1647.558998
206,0.001257,0.646314,-0.000254,0.002924,0.100467,0.003582,10,0.000097,1655.749279
207,0.001077,0.696864,-0.000070,0.000917,0.102403,0.004979,26,0.000097,1663.480653
208,0.001272,0.641966,-0.000542,0.015724,0.104447,0.003682,30,0.000097,1671.350253
209,0.001149,0.676715,-0.000123,0.000954,0.105759,0.003907,30,0.000097,1679.019648
210,0.001182,0.667478,-0.000113,0.000623,0.107445,0.002533,11,0.000097,1686.674184
211,0.001168,0.671349,-0.000176,0.001524,0.109492,0.005527,30,0.000097,1694.413052
212,0.001100,0.690308,-0.000219,0.001129,0.111351,0.003216,9,0.000097,1702.097373
213,0.001411,0.602777,-0.000003,0.009231,0.112300,0.002861,12,0.000097,1709.312121
214,0.001184,0.666768,-0.000259,0.004816,0.113222,0.003742,9,0.000097,1716.978548
215,0.001172,0.670188,-0.000152,0.001100,0.114411,0.003840,16,0.000097,1724.393286
216,0.001243,0.650133,0.000054,0.002621,0.115659,0.002386,9,0.000097,1731.712386
217,0.001224,0.655674,0.000112,0.001145,0.116719,0.002787,12,0.000097,1739.024957
218,0.001170,0.670705,0.000014,0.001081,0.118795,0.002828,26,0.000097,1746.492419
219,0.001197,0.663176,-0.000189,0.002525,0.120739,0.002845,10,0.000097,1753.816756
220,0.001188,0.665789,-0.000360,0.000932,0.121595,0.003908,7,0.000097,1761.768432
221,0.001486,0.581845,0.000433,0.025709,0.122271,0.005450,6,0.000097,1769.156104
222,0.001188,0.665724,0.000055,0.002613,0.122936,0.004952,6,0.000097,1776.642712
223,0.001574,0.557113,-0.000780,0.019422,0.123542,0.004569,5,0.000097,1784.148942
224,0.001183,0.667173,-0.000104,0.004829,0.124112,0.003918,5,0.000097,1791.744239
225,0.001486,0.581772,-0.000263,0.009412,0.124803,0.003751,8,0.000097,1798.962220
226,0.001120,0.684833,-0.000052,0.003564,0.125794,0.005221,14,0.000097,1806.337655
227,0.001251,0.647904,-0.000282,0.002211,0.127927,0.004410,30,0.000097,1813.908060
228,0.001236,0.652296,-0.000106,0.001267,0.130428,0.005048,30,0.000097,1821.453202
229,0.001165,0.672159,0.000110,0.000711,0.132040,0.003022,16,0.000097,1829.025305
230,0.001275,0.641326,-0.000548,0.003867,0.133154,0.004515,7,0.000097,1836.368173
231,0.001452,0.591440,-0.001523,0.018801,0.133692,0.005661,5,0.000097,1843.772661
232,0.001216,0.657858,0.000121,0.001400,0.134069,0.004667,4,0.000097,1851.530654
233,0.001551,0.563648,0.000376,0.014066,0.134539,0.005134,6,0.000097,1858.893323
234,0.001284,0.638525,0.000037,0.004994,0.135218,0.005760,6,0.000097,1866.372708
235,0.001312,0.630684,-0.000240,0.004692,0.136096,0.003362,10,0.000097,1873.799476
236,0.001250,0.648134,-0.000025,0.001321,0.137288,0.003816,15,0.000097,1881.253741
237,0.001318,0.629064,-0.000150,0.005026,0.138342,0.003242,8,0.000097,1888.959234
238,0.001311,0.631128,-0.000069,0.002638,0.139980,0.005924,30,0.000097,1896.491053
239,0.001197,0.663045,-0.000010,0.000461,0.142484,0.003819,30,0.000097,1904.511745
240,0.001276,0.641012,-0.000199,0.001915,0.144357,0.003447,9,0.000097,1911.798743
241,0.001402,0.605309,-0.000967,0.025852,0.145023,0.003565,6,0.000096,1918.957237
242,0.001418,0.600983,0.000494,0.017438,0.145298,0.005418,6,0.000096,1926.109919
243,0.001676,0.528249,0.000146,0.011043,0.145520,0.003857,6,0.000096,1933.607186
244,0.001273,0.641852,0.000038,0.006174,0.145964,0.004961,11,0.000096,1941.155087
245,0.001246,0.649302,0.000015,0.003586,0.146792,0.003694,11,0.000096,1948.662918
246,0.001357,0.618184,-0.000364,0.003381,0.147704,0.002931,12,0.000096,1956.200271
247,0.001246,0.649308,-0.000202,0.001698,0.148630,0.004007,8,0.000096,1963.468391
248,0.001354,0.619015,0.000121,0.001524,0.150335,0.005303,30,0.000096,1971.031634
249,0.001223,0.655692,-0.000246,0.001472,0.152413,0.003004,13,0.000096,1978.384940
250,0.001303,0.633356,-0.000119,0.000976,0.154510,0.003429,30,0.000096,1985.966139
251,0.001289,0.637237,-0.000175,0.002422,0.156686,0.003362,14,0.000096,1993.302046
252,0.001593,0.551809,-0.000218,0.012893,0.158055,0.005099,30,0.000096,2000.925663
253,0.001205,0.660847,-0.000032,0.006733,0.158161,0.003344,16,0.000096,2008.648033
254,0.001602,0.549124,0.001138,0.039219,0.158758,0.004275,4,0.000096,2016.113682
255,0.001323,0.627749,-0.001270,0.007535,0.159079,0.007235,4,0.000096,2024.273178
256,0.001393,0.608031,-0.000131,0.002166,0.159421,0.004877,6,0.000096,2032.705468
257,0.001607,0.547838,-0.000695,0.008863,0.160004,0.004145,8,0.000096,2040.872607
258,0.001341,0.622567,-0.000222,0.004355,0.160710,0.003610,8,0.000096,2049.258129
259,0.001576,0.556584,0.000288,0.007932,0.161511,0.003789,9,0.000096,2057.109183
260,0.001409,0.603570,0.000067,0.001409,0.162773,0.005278,19,0.000096,2065.186905
261,0.001254,0.647169,0.000008,0.000781,0.165316,0.004029,30,0.000096,2073.049892
262,0.001256,0.646483,-0.000146,0.001405,0.167931,0.003689,18,0.000096,2080.736058
263,0.001267,0.643314,0.000212,0.002328,0.169342,0.003686,11,0.000096,2088.248199
264,0.001279,0.640030,-0.000175,0.000809,0.170659,0.003824,14,0.000096,2095.911773
265,0.001270,0.642685,0.000026,0.002015,0.172708,0.002954,30,0.000096,2103.843383
266,0.001299,0.634462,-0.000115,0.003065,0.174106,0.003639,12,0.000096,2111.354357
267,0.001276,0.640770,-0.000095,0.001847,0.175796,0.004343,30,0.000096,2119.347937
268,0.001373,0.613699,-0.000340,0.002358,0.177723,0.003355,11,0.000096,2126.917687
269,0.001361,0.616947,0.000093,0.007261,0.179270,0.003027,15,0.000096,2134.707995
270,0.001432,0.596924,-0.000176,0.001971,0.180374,0.003435,10,0.000096,2142.334763
271,0.001383,0.610922,-0.000170,0.003147,0.181890,0.003842,30,0.000096,2150.090115
272,0.001497,0.578683,0.000402,0.005186,0.183250,0.003046,8,0.000096,2157.601371
273,0.001412,0.602559,0.000317,0.008613,0.183788,0.003480,9,0.000096,2164.934967
274,0.001320,0.628577,-0.000311,0.001984,0.184485,0.002471,14,0.000095,2172.697062
275,0.001317,0.629361,-0.000055,0.001120,0.186290,0.002142,30,0.000095,2181.244661
276,0.001403,0.605291,-0.000257,0.005752,0.189397,0.003913,30,0.000095,2189.857501
277,0.001354,0.618918,-0.000034,0.001711,0.192381,0.004257,30,0.000095,2198.680549
278,0.001652,0.535044,-0.000007,0.017620,0.193906,0.006596,5,0.000095,2206.970739
279,0.001540,0.566654,0.000866,0.016277,0.194416,0.004166,7,0.000095,2215.079519
280,0.001603,0.548865,-0.000224,0.006932,0.195032,0.003102,11,0.000095,2223.729740
281,0.001395,0.607532,-0.000056,0.008454,0.195950,0.004133,9,0.000095,2231.938422
282,0.001323,0.627623,-0.000103,0.002270,0.196905,0.002505,15,0.000095,2240.345152
283,0.001752,0.507038,0.000732,0.034234,0.197586,0.003500,6,0.000095,2248.510963
284,0.001333,0.624761,0.000164,0.002451,0.197968,0.004837,5,0.000095,2256.821171
285,0.001444,0.593655,-0.000878,0.013746,0.198463,0.004837,7,0.000095,2265.264712
286,0.001317,0.629476,-0.000109,0.004407,0.198993,0.005432,5,0.000095,2273.560424
287,0.001656,0.533885,-0.001454,0.018810,0.199512,0.002813,7,0.000095,2281.992662
288,0.001263,0.644652,-0.000192,0.005179,0.199971,0.005018,5,0.000095,2289.915315
289,0.001243,0.650306,-0.000111,0.001980,0.201003,0.003899,17,0.000095,2297.878676
290,0.001303,0.633296,0.000010,0.003763,0.203623,0.003812,30,0.000095,2305.541252
291,0.001363,0.616462,-0.000063,0.001924,0.205735,0.003952,9,0.000095,2313.456879
292,0.001407,0.603901,-0.000178,0.003128,0.207746,0.003699,30,0.000095,2321.144882
293,0.001387,0.609763,-0.000345,0.002044,0.209599,0.003586,13,0.000095,2328.659171
294,0.001362,0.616782,-0.000040,0.001961,0.210903,0.002937,13,0.000095,2336.099666
295,0.001380,0.611548,0.000160,0.002412,0.212598,0.002926,13,0.000095,2343.523379
296,0.001417,0.601130,-0.000186,0.002289,0.215006,0.002845,30,0.000095,2351.628398
297,0.001307,0.632304,-0.000026,0.001194,0.217357,0.003855,12,0.000095,2359.030926
298,0.001841,0.482034,-0.000427,0.060087,0.218169,0.004363,5,0.000095,2366.309105
299,0.001523,0.571511,-0.000351,0.002855,0.218416,0.004400,7,0.000095,2373.823352
300,0.001909,0.462784,0.002067,0.028839,0.218703,0.004287,5,0.000095,2381.088237
301,0.001449,0.592342,0.000073,0.004932,0.219288,0.005214,25,0.000095,2388.670458
302,0.001425,0.599080,-0.000398,0.003751,0.220329,0.004345,7,0.000095,2396.013601
303,0.001615,0.545595,-0.000179,0.006002,0.222446,0.004491,30,0.000094,2403.923701
304,0.001402,0.605445,-0.000093,0.002311,0.226120,0.005448,30,0.000094,2411.814838
305,0.001492,0.580233,-0.000423,0.006331,0.228028,0.003560,8,0.000094,2419.142244
306,0.001405,0.604584,0.000036,0.000692,0.229986,0.003350,30,0.000094,2426.849940
307,0.001557,0.561885,0.000242,0.004053,0.232333,0.002738,17,0.000094,2434.379160
308,0.001422,0.599703,0.000098,0.002669,0.234107,0.004117,23,0.000094,2441.963497
309,0.001398,0.606649,0.000200,0.001121,0.236144,0.003728,30,0.000094,2449.741082
310,0.001401,0.605635,-0.000153,0.001161,0.238809,0.003105,30,0.000094,2457.789305
311,0.001949,0.451375,-0.000281,0.049264,0.240692,0.002955,6,0.000094,2465.240691
312,0.001525,0.570921,-0.000160,0.003034,0.240943,0.004489,9,0.000094,2472.606448
313,0.001515,0.573521,-0.000296,0.004982,0.241444,0.004096,12,0.000094,2480.705802
314,0.001404,0.604767,0.000155,0.002377,0.242214,0.003463,11,0.000094,2488.335652
315,0.001429,0.597947,-0.000210,0.002867,0.243530,0.004061,30,0.000094,2496.042181
316,0.001424,0.599124,0.000065,0.003103,0.245222,0.004155,30,0.000094,2503.768762
317,0.001385,0.610333,0.000261,0.006974,0.245979,0.004556,6,0.000094,2511.007850
318,0.001517,0.573060,-0.000224,0.002222,0.246541,0.003304,16,0.000094,2518.846115
319,0.001301,0.633810,0.000006,0.002154,0.248654,0.004036,30,0.000094,2527.023684
320,0.001451,0.591573,-0.000383,0.002912,0.251520,0.006976,30,0.000094,2534.831972
321,0.001339,0.623259,-0.000096,0.001829,0.253364,0.003484,11,0.000094,2542.047196
322,0.001530,0.569339,0.000242,0.006853,0.254226,0.002587,8,0.000094,2549.459242
323,0.001356,0.618388,-0.000091,0.001279,0.254836,0.004258,6,0.000094,2556.545410
324,0.001646,0.536675,-0.000973,0.008808,0.255524,0.002562,11,0.000094,2563.839760
325,0.001455,0.590585,-0.000377,0.006946,0.256066,0.004230,6,0.000094,2570.968155
326,0.001477,0.584396,0.000377,0.005916,0.256439,0.004704,6,0.000094,2578.399536
327,0.001617,0.544838,-0.000430,0.005993,0.256805,0.002956,6,0.000094,2585.662608
328,0.001407,0.603903,-0.000413,0.003913,0.257234,0.004398,5,0.000094,2592.995318
329,0.001307,0.632086,0.000026,0.002585,0.257829,0.004531,10,0.000094,2600.285253
330,0.001913,0.461714,-0.000188,0.048955,0.258432,0.004079,5,0.000093,2607.404096
331,0.001445,0.593401,0.000192,0.002300,0.258707,0.003853,5,0.000093,2614.550446
332,0.001648,0.536221,-0.000246,0.008731,0.259211,0.003646,10,0.000093,2621.871341
333,0.001433,0.596749,-0.000403,0.004932,0.260780,0.005939,26,0.000093,2629.218031
334,0.001483,0.582788,-0.000033,0.002212,0.262649,0.002196,12,0.000093,2636.268225
335,0.001384,0.610646,-0.000003,0.001456,0.264148,0.004920,16,0.000093,2643.493817
336,0.002071,0.417072,0.001942,0.120601,0.265014,0.006043,3,0.000093,2650.668275
337,0.001431,0.597299,0.000303,0.002135,0.265120,0.005463,4,0.000093,2657.906375
338,0.001862,0.475874,-0.000069,0.014496,0.265436,0.003993,8,0.000093,2665.416302
339,0.001438,0.595397,0.000037,0.004199,0.266756,0.004686,25,0.000093,2673.000519
340,0.001607,0.547676,-0.000397,0.006030,0.268237,0.003665,9,0.000093,2681.106055
341,0.001497,0.578813,-0.000141,0.004065,0.269198,0.002734,11,0.000093,2688.827030
342,0.001488,0.581224,-0.000529,0.002195,0.270182,0.003235,10,0.000093,2696.462822
343,0.001565,0.559476,-0.000186,0.003191,0.272061,0.003938,30,0.000093,2704.255941
344,0.001704,0.520349,-0.000243,0.003407,0.274318,0.003094,14,0.000093,2711.758112
345,0.001536,0.567640,-0.000283,0.001610,0.277002,0.004465,30,0.000093,2719.611037
346,0.001588,0.553210,-0.000156,0.004261,0.279087,0.003790,8,0.000093,2727.902231
347,0.001474,0.585129,-0.000050,0.002640,0.279942,0.004512,9,0.000093,2735.348619
348,0.001719,0.516135,0.000387,0.020071,0.280568,0.003045,6,0.000093,2742.649770
349,0.001432,0.597114,-0.000228,0.006591,0.280930,0.003958,5,0.000093,2750.212004
350,0.001672,0.529501,-0.000164,0.007382,0.281841,0.003443,18,0.000093,2757.823406
351,0.001492,0.580013,-0.000152,0.004797,0.283204,0.003145,10,0.000093,2765.563625
352,0.001514,0.573935,0.000016,0.001549,0.284646,0.002934,23,0.000093,2773.184600
353,0.001423,0.599409,-0.000191,0.001180,0.286240,0.003171,9,0.000093,2780.565642
354,0.001884,0.469901,-0.000969,0.038881,0.286818,0.003319,7,0.000093,2788.212484
355,0.001504,0.576743,-0.000193,0.009193,0.287145,0.004832,30,0.000093,2795.909290
356,0.001617,0.544838,-0.000670,0.006944,0.288312,0.003536,6,0.000092,2803.146717
357,0.001547,0.564648,0.000148,0.001890,0.289164,0.005287,16,0.000092,2811.240196
358,0.001479,0.583785,-0.000035,0.001601,0.291249,0.003686,30,0.000092,2819.442010
359,0.001694,0.523335,-0.000259,0.033738,0.292662,0.004037,4,0.000092,2827.603980
360,0.001938,0.454537,0.000011,0.019288,0.292858,0.004376,11,0.000092,2836.673227
361,0.001796,0.494661,0.000250,0.004130,0.293215,0.004581,11,0.000092,2844.380291
362,0.001871,0.473521,0.000564,0.004681,0.293685,0.002678,9,0.000092,2852.175687
363,0.002006,0.435514,-0.000883,0.017502,0.294321,0.003499,9,0.000092,2859.406290
364,0.001883,0.470010,-0.001677,0.014099,0.294664,0.006060,5,0.000092,2866.696245
365,0.001952,0.450704,0.000079,0.003311,0.295127,0.005004,13,0.000092,2874.123318
366,0.001702,0.521109,0.000002,0.002879,0.297306,0.004472,30,0.000092,2883.055241
367,0.001708,0.519399,-0.000345,0.004140,0.299418,0.003359,10,0.000092,2891.879797
368,0.001659,0.533079,0.000027,0.001329,0.300688,0.004984,12,0.000092,2899.831426
369,0.001858,0.477035,-0.001248,0.039578,0.301474,0.004130,4,0.000092,2907.525038
370,0.001845,0.480725,0.000220,0.005899,0.301887,0.005169,6,0.000092,2915.853758
371,0.002124,0.402138,-0.000516,0.032678,0.302434,0.005167,5,0.000092,2923.628129
372,0.001718,0.516618,0.000041,0.002967,0.304106,0.003054,27,0.000092,2931.737775
373,0.002028,0.429354,-0.002261,0.044061,0.305657,0.004784,4,0.000092,2939.495293
374,0.001566,0.559325,-0.000428,0.003805,0.306076,0.006364,4,0.000092,2946.899765
375,0.001910,0.462373,-0.000418,0.011283,0.307107,0.004785,18,0.000092,2954.709670
376,0.001448,0.592489,-0.000158,0.008049,0.308798,0.003246,23,0.000092,2962.288926
377,0.001612,0.546372,-0.000220,0.004914,0.310255,0.003751,11,0.000092,2969.775724
378,0.001431,0.597287,-0.000262,0.002138,0.311509,0.004117,13,0.000092,2977.149284
379,0.001842,0.481745,0.000315,0.028974,0.312555,0.003920,6,0.000091,2984.511154
380,0.001600,0.549689,0.000003,0.000896,0.313741,0.006976,22,0.000091,2992.177603
381,0.001517,0.573176,0.000378,0.005206,0.315067,0.003591,6,0.000091,2999.945428
382,0.001545,0.565308,-0.000330,0.003133,0.315660,0.004622,7,0.000091,3008.034484
383,0.001613,0.546110,-0.000376,0.005985,0.316488,0.002398,12,0.000091,3015.606341
384,0.001593,0.551599,0.000647,0.006981,0.317239,0.004950,6,0.000091,3023.871519
385,0.001627,0.542119,-0.000109,0.002499,0.318652,0.002233,22,0.000091,3032.773709
386,0.001546,0.564950,-0.000179,0.001565,0.320992,0.004058,19,0.000091,3040.537793
387,0.001592,0.551902,-0.000663,0.003838,0.322438,0.003082,10,0.000091,3048.511342
388,0.001703,0.520852,-0.000082,0.005630,0.323820,0.003920,17,0.000091,3056.579165
389,0.001591,0.552228,-0.001158,0.008955,0.324899,0.003718,6,0.000091,3064.332919
390,0.001613,0.545937,0.000015,0.005144,0.325594,0.004010,8,0.000091,3071.886080
391,0.001642,0.537933,-0.000046,0.006386,0.326452,0.003745,7,0.000091,3079.533137
392,0.001526,0.570456,0.000100,0.002814,0.327622,0.002896,19,0.000091,3087.505535
393,0.001577,0.556071,-0.000046,0.005109,0.329037,0.004073,30,0.000091,3095.573683
394,0.001525,0.570831,-0.000068,0.004640,0.330126,0.003524,13,0.000091,3103.092388
395,0.001463,0.588178,-0.000073,0.002112,0.330736,0.003401,12,0.000091,3110.675136
396,0.001398,0.606611,-0.000205,0.001001,0.331604,0.004104,12,0.000091,3118.125804
397,0.001951,0.450811,-0.000077,0.060360,0.332302,0.004284,5,0.000091,3125.510799
398,0.001528,0.570119,-0.000178,0.001768,0.332647,0.004223,4,0.000091,3133.385102
399,0.001925,0.458180,0.000300,0.019724,0.333390,0.003663,11,0.000091,3141.270357
400,0.001540,0.566476,0.000371,0.013683,0.334449,0.004156,7,0.000091,3149.173258
401,0.001502,0.577336,0.000059,0.013447,0.334896,0.002421,9,0.000091,3157.043283
402,0.001919,0.459944,0.000008,0.017164,0.335285,0.003270,15,0.000090,3164.552000
403,0.001471,0.586082,-0.000144,0.006915,0.335494,0.003930,16,0.000090,3172.725812
404,0.001539,0.566901,0.000046,0.001079,0.336960,0.004404,30,0.000090,3180.628061
405,0.001657,0.533781,-0.000297,0.014782,0.338474,0.003648,8,0.000090,3188.390626
406,0.001727,0.513907,-0.001241,0.008511,0.338931,0.003127,7,0.000090,3196.217545
407,0.001711,0.518521,-0.000137,0.017263,0.339508,0.003837,8,0.000090,3204.334142
408,0.001703,0.520825,-0.000055,0.004486,0.340248,0.004937,15,0.000090,3213.083836
409,0.001551,0.563541,0.000005,0.004252,0.341392,0.005017,7,0.000090,3220.814522
410,0.001364,0.616068,-0.000029,0.002964,0.343328,0.005913,30,0.000090,3231.118192
411,0.001356,0.618274,-0.000093,0.001940,0.346141,0.003548,28,0.000090,3239.616513
412,0.001948,0.451743,-0.001341,0.112070,0.347507,0.003460,4,0.000090,3248.041635
413,0.001419,0.600702,0.000073,0.000866,0.347505,0.005730,5,0.000090,3256.913198
414,0.001582,0.554808,-0.000178,0.008429,0.347748,0.002372,9,0.000090,3265.775341
415,0.001728,0.513706,-0.001323,0.024251,0.348395,0.002514,8,0.000090,3274.435039
416,0.001683,0.526508,0.000646,0.007606,0.349184,0.003167,13,0.000090,3282.927757
417,0.001477,0.584248,0.000063,0.005481,0.349689,0.004221,6,0.000090,3291.710620
418,0.001922,0.458976,-0.001545,0.047824,0.350035,0.002936,9,0.000090,3300.029635
419,0.001447,0.592815,0.000057,0.006433,0.350629,0.004684,21,0.000090,3308.951776
420,0.001365,0.615867,0.000048,0.006707,0.352511,0.004098,30,0.000090,3317.929168
421,0.001359,0.617641,-0.000131,0.001441,0.354699,0.003566,30,0.000090,3326.804481
422,0.001512,0.574409,-0.000203,0.003450,0.356482,0.003060,9,0.000090,3335.513360
423,0.001530,0.569496,-0.001426,0.013914,0.357259,0.002964,10,0.000089,3344.488561
424,0.001419,0.600711,-0.000112,0.001668,0.358288,0.003101,26,0.000089,3357.762717
425,0.001360,0.617355,-0.000124,0.013852,0.359638,0.003823,11,0.000089,3366.111313
426,0.001328,0.626184,-0.000083,0.002052,0.360124,0.003484,18,0.000089,3375.125168
427,0.001763,0.503864,-0.000089,0.015343,0.360888,0.003871,16,0.000089,3384.308380
428,0.001645,0.537054,-0.000441,0.007542,0.361451,0.004063,8,0.000089,3393.337990
429,0.001534,0.568173,-0.000115,0.003021,0.363187,0.005947,30,0.000089,3401.990886
430,0.001619,0.544353,-0.001244,0.007135,0.365295,0.003344,9,0.000089,3410.878153
431,0.001507,0.575838,-0.000378,0.013818,0.367254,0.006085,30,0.000089,3420.468508
432,0.001430,0.597588,0.000043,0.002905,0.368957,0.003294,9,0.000089,3429.827203
433,0.001548,0.564287,-0.001041,0.009412,0.369799,0.003748,9,0.000089,3438.971345
434,0.001495,0.579221,-0.000544,0.005110,0.370953,0.002424,18,0.000089,3448.845042
435,0.001381,0.611219,-0.000046,0.002944,0.372918,0.002315,30,0.000089,3459.171338
436,0.001526,0.570565,-0.000332,0.013065,0.374003,0.003560,8,0.000089,3468.858342
437,0.001680,0.527146,-0.000718,0.013522,0.374865,0.002437,11,0.000089,3478.980639
438,0.001459,0.589519,-0.000369,0.005623,0.377001,0.006281,30,0.000089,3488.719865
439,0.001752,0.507007,-0.000851,0.013925,0.378487,0.003236,7,0.000089,3497.773814
440,0.001332,0.625067,0.000103,0.003713,0.379176,0.004846,6,0.000089,3507.210092
441,0.001378,0.612261,-0.000384,0.006619,0.380022,0.002708,11,0.000089,3516.244583
442,0.001273,0.641811,-0.000257,0.006591,0.381140,0.002858,14,0.000089,3525.087488
443,0.001259,0.645683,-0.000128,0.002652,0.383058,0.003639,30,0.000088,3534.122249
444,0.001254,0.647194,-0.000091,0.000389,0.385512,0.001708,30,0.000088,3543.592739
445,0.001566,0.559156,0.000230,0.023331,0.386823,0.004586,30,0.000088,3552.602861
446,0.001388,0.609370,-0.000603,0.017874,0.386213,0.004286,8,0.000088,3561.708065
447,0.001580,0.555298,0.000080,0.009128,0.386171,0.003058,7,0.000088,3571.068606
448,0.001227,0.654646,-0.000223,0.007086,0.386481,0.004424,7,0.000088,3579.676404
449,0.002105,0.407580,-0.000164,0.053502,0.387006,0.003566,10,0.000088,3588.173743
450,0.001329,0.625965,-0.000107,0.013764,0.387532,0.004386,8,0.000088,3594.929783
451,0.001385,0.610219,-0.000706,0.010045,0.388108,0.004000,10,0.000088,3599.864794
452,0.001476,0.584523,-0.000090,0.004587,0.389130,0.003317,15,0.000088,3604.864592
453,0.001327,0.626478,-0.000147,0.002490,0.390221,0.004238,12,0.000088,3609.826157
454,0.001611,0.546668,-0.001011,0.014344,0.391110,0.003541,10,0.000088,3614.722067
455,0.001461,0.588810,0.000097,0.002919,0.391879,0.003732,8,0.000088,3619.781115
456,0.001477,0.584261,-0.000031,0.007119,0.393262,0.005094,30,0.000088,3625.171876
457,0.001819,0.488164,-0.000083,0.017783,0.394590,0.002973,12,0.000088,3630.334488
458,0.001426,0.598672,0.000029,0.011891,0.395915,0.003442,9,0.000088,3635.372828
459,0.001428,0.598269,-0.000223,0.006163,0.397263,0.003494,17,0.000088,3640.632201
460,0.001401,0.605722,-0.000215,0.003360,0.399073,0.005381,30,0.000088,3646.109111
461,0.001459,0.589450,-0.000119,0.004336,0.400611,0.003221,8,0.000088,3651.248039
462,0.001252,0.647656,-0.000039,0.003077,0.401327,0.004776,10,0.000088,3656.406078
463,0.001901,0.465063,-0.003057,0.076561,0.401965,0.004395,6,0.000087,3661.362210
464,0.001305,0.632708,-0.000116,0.003514,0.402511,0.004440,5,0.000087,3666.285830
465,0.001456,0.590170,0.000484,0.006961,0.403256,0.004051,12,0.000087,3671.432547
466,0.001285,0.638278,-0.000048,0.004823,0.404082,0.004474,11,0.000087,3676.439076
467,0.001760,0.504724,-0.000538,0.020437,0.404639,0.003538,9,0.000087,3681.424753
468,0.001575,0.556866,-0.000385,0.016877,0.404987,0.003456,6,0.000087,3686.496845
469,0.001458,0.589630,0.000310,0.003508,0.405689,0.003545,17,0.000087,3691.554712
470,0.001778,0.499505,-0.001041,0.026807,0.406670,0.003746,9,0.000087,3696.357424
471,0.001338,0.623333,0.000095,0.007358,0.407343,0.004268,9,0.000087,3701.173139
472,0.001744,0.509340,-0.000661,0.010790,0.408018,0.002702,10,0.000087,3706.103434
473,0.001395,0.607432,-0.000594,0.006631,0.408559,0.004995,6,0.000087,3710.773037
474,0.001433,0.596650,0.000179,0.009323,0.409204,0.002791,12,0.000087,3715.615584
475,0.001512,0.574406,-0.000040,0.009454,0.409793,0.005010,7,0.000087,3720.578896
476,0.001640,0.538409,-0.000439,0.010038,0.410397,0.002984,11,0.000087,3725.936209
477,0.001392,0.608333,-0.000476,0.003229,0.411388,0.004019,9,0.000087,3731.077318
478,0.001309,0.631619,0.000146,0.002492,0.413309,0.004743,30,0.000087,3736.432713
479,0.001966,0.446613,-0.001391,0.079568,0.414985,0.003144,5,0.000087,3741.398011
480,0.001376,0.612701,0.000595,0.006016,0.415433,0.005023,6,0.000087,3746.762961
481,0.002327,0.345185,-0.002050,0.087473,0.415970,0.004533,6,0.000087,3752.084100
482,0.001478,0.583950,-0.000334,0.008154,0.416427,0.003893,4,0.000086,3757.233207
483,0.001585,0.553822,0.000289,0.017821,0.416793,0.004489,5,0.000086,3762.061401
484,0.001635,0.539941,-0.000090,0.008585,0.417226,0.002800,16,0.000086,3766.851668
485,0.001523,0.571453,0.000151,0.010830,0.417897,0.003478,30,0.000086,3771.869683
486,0.001440,0.594677,0.000394,0.008632,0.418014,0.004933,7,0.000086,3776.824145
487,0.002044,0.424647,-0.000905,0.053054,0.418385,0.004521,7,0.000086,3781.375983
488,0.002650,0.254373,-0.002982,0.186344,0.418571,0.004608,5,0.000086,3786.019700
489,0.001396,0.607265,-0.000289,0.014644,0.418290,0.004698,5,0.000086,3790.765859
490,0.001329,0.625868,0.000133,0.019703,0.418199,0.004742,10,0.000086,3795.764918
491,0.001367,0.615213,-0.000526,0.010391,0.418775,0.002946,12,0.000086,3800.641576
492,0.001301,0.633831,0.000033,0.002510,0.420292,0.003610,24,0.000086,3805.925176
493,0.001502,0.577310,-0.000405,0.010913,0.422252,0.003837,30,0.000086,3811.131273
494,0.001499,0.578080,-0.000183,0.006562,0.423026,0.002880,8,0.000086,3816.260797
495,0.001267,0.643418,-0.000441,0.008330,0.423611,0.005082,6,0.000086,3820.939343
496,0.001336,0.624022,0.000247,0.008640,0.424410,0.002776,14,0.000086,3825.675237
497,0.001188,0.665649,0.000146,0.001719,0.426157,0.003897,30,0.000086,3830.611285
498,0.001384,0.610389,-0.000174,0.009315,0.427961,0.004327,30,0.000086,3835.689120
499,0.001455,0.590561,-0.000497,0.004244,0.428452,0.002748,16,0.000086,3840.667866
500,0.001363,0.616463,-0.000218,0.006341,0.429192,0.004158,9,0.000086,3845.517222
501,0.001928,0.457559,-0.000510,0.034396,0.429789,0.002385,13,0.000085,3850.371532
502,0.001370,0.614479,0.000033,0.011812,0.429934,0.004528,9,0.000085,3855.129762
503,0.001505,0.576464,-0.000122,0.004482,0.430369,0.002829,11,0.000085,3860.077648
504,0.001389,0.609234,-0.000360,0.006830,0.431154,0.004059,7,0.000085,3864.893870
505,0.001518,0.572896,0.000151,0.028043,0.431609,0.003830,30,0.000085,3869.707470
506,0.001456,0.590124,0.000197,0.006223,0.431075,0.003637,11,0.000085,3874.768862
507,0.001429,0.597929,0.001604,0.021537,0.431526,0.003467,7,0.000085,3879.554369
508,0.001454,0.590686,-0.000152,0.003474,0.433094,0.004942,27,0.000085,3884.847158
509,0.001211,0.659322,-0.000061,0.003242,0.436283,0.004779,30,0.000085,3890.238657
510,0.001248,0.648832,0.000139,0.002721,0.439287,0.003454,30,0.000085,3895.276672
511,0.001251,0.648019,0.000013,0.004418,0.441367,0.003251,16,0.000085,3900.119307
512,0.001492,0.579986,0.000166,0.021794,0.442509,0.003223,7,0.000085,3904.713411
513,0.001331,0.625535,-0.000178,0.003010,0.442970,0.003994,5,0.000085,3909.395507
514,0.001633,0.540428,-0.000158,0.012267,0.444023,0.002482,15,0.000085,3914.428214
515,0.001350,0.620031,0.000073,0.013015,0.446078,0.006609,19,0.000085,3919.529369
516,0.001478,0.584157,0.000019,0.009391,0.447472,0.002884,14,0.000085,3924.808417
517,0.001215,0.657980,-0.000225,0.005710,0.449106,0.004972,30,0.000085,3930.533456
518,0.001400,0.605892,0.000163,0.017640,0.450242,0.002852,8,0.000084,3935.771838
519,0.001227,0.654828,-0.000108,0.001231,0.450955,0.002505,19,0.000084,3941.114073
520,0.001314,0.630306,-0.000456,0.008844,0.452249,0.002523,15,0.000084,3946.596566
521,0.001385,0.610270,-0.000445,0.008851,0.453499,0.002281,13,0.000084,3951.732569
522,0.001186,0.666308,-0.000061,0.002612,0.454742,0.003842,8,0.000084,3956.882938
523,0.001299,0.634482,-0.000044,0.013443,0.455903,0.003655,16,0.000084,3962.131874
524,0.001433,0.596591,0.001065,0.013799,0.456832,0.003560,5,0.000084,3967.166830
525,0.001219,0.656907,0.000215,0.002451,0.457653,0.003450,18,0.000084,3972.258582
526,0.001294,0.635798,-0.000389,0.016487,0.458654,0.002271,14,0.000084,3977.113326
527,0.001228,0.654484,-0.000029,0.002018,0.459058,0.002337,19,0.000084,3982.142356
528,0.001159,0.673763,-0.000201,0.002494,0.460324,0.005057,30,0.000084,3987.389528
529,0.001156,0.674585,0.000123,0.002402,0.461720,0.000143,30,0.000084,3992.753185
530,0.001526,0.570511,0.000432,0.024457,0.462444,0.003415,12,0.000084,3997.764154
531,0.001225,0.655302,0.000112,0.012427,0.462927,0.003058,10,0.000084,4002.956019
532,0.001458,0.589668,0.000134,0.007087,0.463449,0.003576,12,0.000084,4008.152717
533,0.001318,0.629215,-0.000112,0.015167,0.463707,0.003958,6,0.000084,4013.223966
534,0.001440,0.594841,-0.000146,0.003737,0.464372,0.005666,26,0.000084,4018.500524
535,0.001112,0.687070,-0.000129,0.003717,0.466631,0.003309,30,0.000084,4023.313662
536,0.001222,0.656169,-0.000240,0.003888,0.469063,0.003925,30,0.000083,4028.183993
537,0.001230,0.653958,-0.000542,0.008743,0.470443,0.003659,8,0.000083,4032.814400
538,0.001230,0.653783,0.000116,0.005135,0.471281,0.003542,14,0.000083,4037.289072
539,0.001443,0.594006,-0.000731,0.029915,0.471946,0.006290,5,0.000083,4041.736337
540,0.001264,0.644209,-0.000081,0.008225,0.472628,0.006233,17,0.000083,4046.583523
541,0.001394,0.607755,-0.000611,0.005388,0.473914,0.002613,22,0.000083,4051.357604
542,0.001424,0.599261,-0.000279,0.002904,0.474861,0.002238,30,0.000083,4056.202055
543,0.001398,0.606608,-0.000104,0.002744,0.475913,0.002975,12,0.000083,4061.044795
544,0.001382,0.611089,-0.000324,0.001524,0.477357,0.002486,23,0.000083,4065.895750
545,0.001388,0.609516,-0.000201,0.001278,0.479572,0.002340,26,0.000083,4071.075913
546,0.001588,0.553012,-0.000333,0.007912,0.481450,0.003029,13,0.000083,4075.997201
547,0.001489,0.581004,-0.000080,0.004008,0.482253,0.002463,11,0.000083,4081.373181
548,0.001366,0.615499,0.000352,0.013019,0.482890,0.004059,8,0.000083,4086.431697
549,0.001380,0.611538,0.000111,0.012247,0.483616,0.003755,30,0.000083,4091.522017
550,0.001426,0.598603,-0.000619,0.008576,0.484090,0.003741,14,0.000083,4096.301626
551,0.001198,0.662734,-0.000159,0.003706,0.484639,0.002921,19,0.000083,4101.339415
552,0.001172,0.670300,-0.000197,0.005194,0.486086,0.002831,17,0.000083,4106.041939
553,0.001174,0.669566,-0.000131,0.001002,0.488430,0.002290,30,0.000082,4110.980844
554,0.001272,0.642126,0.000101,0.003196,0.490549,0.003077,15,0.000082,4115.825540
555,0.001299,0.634297,-0.000188,0.002112,0.492177,0.002816,19,0.000082,4121.020196
556,0.001135,0.680528,-0.000337,0.003483,0.493511,0.003233,10,0.000082,4125.932220
557,0.001197,0.663091,-0.000434,0.003286,0.494514,0.004055,12,0.000082,4130.958478
558,0.001340,0.622999,-0.000146,0.015050,0.495234,0.001759,30,0.000082,4136.204916
559,0.001149,0.676670,-0.000165,0.004483,0.495119,0.002909,16,0.000082,4141.171606
560,0.001246,0.649337,-0.000184,0.002340,0.496313,0.004397,30,0.000082,4146.485785
561,0.001405,0.604565,-0.001971,0.016864,0.497389,0.004915,6,0.000082,4151.605371
562,0.001190,0.665044,0.000121,0.005863,0.497664,0.004745,5,0.000082,4156.447410
563,0.001163,0.672692,-0.000210,0.005210,0.498563,0.002972,23,0.000082,4161.180603
564,0.001051,0.704322,0.000097,0.001553,0.500345,0.002060,30,0.000082,4166.110459
565,0.001952,0.450640,-0.000919,0.071258,0.501730,0.003934,8,0.000082,4170.694088
566,0.001649,0.536042,0.000492,0.019192,0.502166,0.004136,6,0.000082,4175.435376
567,0.001418,0.600811,-0.000053,0.003623,0.502948,0.002830,15,0.000082,4180.345563
568,0.001228,0.654530,-0.000342,0.010423,0.504058,0.004343,8,0.000082,4185.073476
569,0.001734,0.512056,-0.000555,0.020551,0.504511,0.004032,30,0.000082,4190.044767
570,0.001519,0.572649,0.000319,0.011268,0.503884,0.005575,30,0.000081,4194.748193
571,0.001398,0.606553,-0.000619,0.011199,0.504740,0.002948,10,0.000081,4199.631479
572,0.001072,0.698188,-0.000056,0.004964,0.506503,0.002922,30,0.000081,4208.715519
573,0.001178,0.668536,-0.000210,0.003202,0.509470,0.001977,30,0.000081,4217.779134
574,0.001166,0.671834,-0.000128,0.000724,0.512201,0.003571,25,0.000081,4226.383842
575,0.001377,0.612588,-0.000169,0.010821,0.513736,0.003240,11,0.000081,4234.893652
576,0.001231,0.653679,-0.000223,0.001244,0.514931,0.002204,21,0.000081,4243.811711
577,0.001294,0.635919,-0.000429,0.009141,0.516317,0.002676,11,0.000081,4252.548544
578,0.001197,0.663031,0.000047,0.005102,0.517604,0.003426,14,0.000081,4261.427911
579,0.001171,0.670504,-0.000145,0.002753,0.519111,0.004955,13,0.000081,4269.581652
580,0.001698,0.522199,-0.003099,0.076711,0.520034,0.003379,6,0.000081,4277.832461
581,0.001274,0.641349,-0.000691,0.006554,0.520521,0.004429,5,0.000081,4286.713983
582,0.001398,0.606638,0.000083,0.007666,0.521240,0.005483,12,0.000081,4295.572710
583,0.001437,0.595472,-0.000105,0.004011,0.522262,0.003825,9,0.000081,4304.214940
584,0.001523,0.571515,-0.000337,0.012985,0.522978,0.002895,14,0.000081,4312.856825
585,0.001575,0.556782,0.000283,0.027108,0.523149,0.003570,7,0.000081,4321.095424
586,0.001819,0.488046,-0.000173,0.019830,0.523190,0.002445,12,0.000080,4330.123714
587,0.001414,0.602147,0.000050,0.009487,0.523901,0.002609,22,0.000080,4338.778263
588,0.001361,0.617112,0.000465,0.008929,0.525299,0.003253,16,0.000080,4347.312587
589,0.002171,0.388903,-0.000960,0.112102,0.524433,0.004731,30,0.000080,4355.909246
590,0.001557,0.561936,-0.000787,0.032882,0.521282,0.003186,11,0.000080,4364.265846
591,0.001550,0.563926,-0.001340,0.023096,0.521074,0.003369,9,0.000080,4373.072430
592,0.001228,0.654429,-0.000023,0.029254,0.521423,0.004962,7,0.000080,4381.426021
593,0.001405,0.604669,0.000330,0.024823,0.521603,0.003972,14,0.000080,4389.857212
594,0.002362,0.335318,-0.003057,0.110421,0.521162,0.004407,5,0.000080,4398.213647
595,0.001337,0.623751,-0.001757,0.015955,0.521009,0.005752,5,0.000080,4406.809538
596,0.001590,0.552671,0.000441,0.005789,0.521323,0.002133,18,0.000080,4415.391777
597,0.001475,0.584933,-0.000265,0.011005,0.522761,0.004594,30,0.000080,4424.209715
598,0.001595,0.551151,-0.001351,0.012749,0.523735,0.003649,8,0.000080,4432.811808
599,0.001560,0.560860,-0.000126,0.014270,0.524240,0.004065,30,0.000080,4441.460291
600,0.001392,0.608280,-0.000156,0.005454,0.524152,0.003326,10,0.000080,4449.784587
